 [
        {
            "name": "123movies",
            "url": "https://googlvideo.com"
        },
        { 
            "name": "Anify",
            "url": "https://api.anify.tv"
        },
        { 
            "name": "2Embed",
            "url": "https://www.2embed.to"
        },
        { 
            "name": "GetSuperEmbed",
            "url": "https://getsuperembed.link/?video_id=imdbId"
        },
        { 
            "name": "OnionFlix",
            "url": "https://onionflix.org"
        },
        { 
            "name": "EmbedWorld",
            "url": "https://embedworld.xyz"
        },
        { 
            "name": "2Embed",
            "url": "https://2embed.org"
        },
        { 
            "name": "2Embed",
            "url": "https://moviehab.com"
        },
        {
            "name": "Consumet",
            "url": "https://docs.consumet.org"
        },
        {
            "name": "DBGDrivePlayer",
            "url": "https://databasegdriveplayer.co"
        },
        {
            "name": "DBGo",
            "url": "https://dbgo.fun"
        },
        {
            "name": "FireSonic",
            "url": "https://firesonic.sc/play_video.php?video_id={imdbId}"
        },
        {
            "name": "Autoembed",
            "url": "https://autoembed.to"
        },
        {
            "name": "GOMO",
            "url": "https://gomo.to/movie/{imdbId}"
        },
        {
            "name": "VidSource",
            "url": "https://vidsrc.me"
        },
        {
            "name": "Superembed",
            "url": "https://www.superembed.stream"
        },
        {
            "name": "Gdriveplayer",
            "url": "https://api.gdriveplayer.us"
        },
        {
            "name": "123movie",
            "url": "https://api.123movie.cc"
        }
    ]
