
[
    { "abbreviation": "AL", "state": "Alabama", "city": "Montgomery" },
    { "abbreviation": "AK", "state": "Alaska", "city": "Juneau" },
    { "abbreviation": "AZ", "state": "Arizona", "city": "Phoenix" },
    { "abbreviation": "AR", "state": "Arkansas", "city": "Little Rock" },
    { "abbreviation": "CA", "state": "California", "city": "Sacramento" },
    { "abbreviation": "CO", "state": "Colorado", "city": "Denver" },
    { "abbreviation": "CT", "state": "Connecticut", "city": "Hartford" },
    { "abbreviation": "DE", "state": "Delaware", "city": "Dover" },
    { "abbreviation": "FL", "state": "Florida", "city": "Tallahassee" },
    { "abbreviation": "GA", "state": "Georgia", "city": "Atlanta" },
    { "abbreviation": "HI", "state": "Hawaii", "city": "Honolulu" },
    { "abbreviation": "ID", "state": "Idaho", "city": "Boise" },
    { "abbreviation": "IL", "state": "Illinois", "city": "Springfield" },
    { "abbreviation": "IN", "state": "Indiana", "city": "Indianapolis" },
    { "abbreviation": "IO", "state": "Iowa", "city": "Des Moines" },
    { "abbreviation": "KS", "state": "Kansas", "city": "Topeka" },
    { "abbreviation": "KY", "state": "Kentucky", "city": "Frankfort" },
    { "abbreviation": "LA", "state": "Louisiana", "city": "Baton Rouge" },
    { "abbreviation": "ME", "state": "Maine", "city": "Augusta" },
    { "abbreviation": "MD", "state": "Maryland", "city": "Annapolis" },
    { "abbreviation": "MA", "state": "Massachusetts", "city": "Boston" },
    { "abbreviation": "MI", "state": "Michigan", "city": "Lansing" },
    { "abbreviation": "MN", "state": "Minnesota", "city": "Saint Paul" },
    { "abbreviation": "MS", "state": "Mississippi", "city": "Jackson" },
    { "abbreviation": "MO", "state": "Missouri", "city": "Jefferson City" },
    { "abbreviation": "MT", "state": "Montana", "city": "Helena" },
    { "abbreviation": "NE", "state": "Nebraska", "city": "Lincoln" },
    { "abbreviation": "NV", "state": "Nevada", "city": "Carson City" },
    { "abbreviation": "NH", "state": "New Hampshire", "city": "Concord" },
    { "abbreviation": "NJ", "state": "New Jersey", "city": "Trenton" },
    { "abbreviation": "NM", "state": "New Mexico", "city": "Santa Fe" },
    { "abbreviation": "NY", "state": "New York", "city": "Albany" },
    { "abbreviation": "NC", "state": "North Carolina", "city": "Raleigh" },
    { "abbreviation": "ND", "state": "North Dakota", "city": "Bismarck" },
    { "abbreviation": "OH", "state": "Ohio", "city": "Columbus" },
    { "abbreviation": "OK", "state": "Oklahoma", "city": "Oklahoma City" },
    { "abbreviation": "OR", "state": "Oregon", "city": "Salem" },
    { "abbreviation": "PA", "state": "Pennsylvania", "city": "Harrisburg" },
    { "abbreviation": "RI", "state": "Rhode Island", "city": "Providence" },
    { "abbreviation": "SC", "state": "South Carolina", "city": "Columbia" },
    { "abbreviation": "SD", "state": "South Dakota", "city": "Pierre" },
    { "abbreviation": "TN", "state": "Tennessee", "city": "Nashville" },
    { "abbreviation": "TX", "state": "Texas", "city": "Austin" },
    { "abbreviation": "UT", "state": "Utah", "city": "Salt Lake City" },
    { "abbreviation": "VT", "state": "Vermont", "city": "Montpelier" },
    { "abbreviation": "VA", "state": "Virginia", "city": "Richmond" },
    { "abbreviation": "WA", "state": "Washington", "city": "Olympia" },
    { "abbreviation": "WV", "state": "West Virginia", "city": "Charleston" },
    { "abbreviation": "WI", "state": "Wisconsin", "city": "Madison" },
    { "abbreviation": "WY", "state": "Wyoming", "city": "Cheyenne" }
  ]