<OpenSearchDescription xmlns="http://a9.com/-/spec/opensearch/1.1/" xmlns:moz="http://www.mozilla.org/2006/browser/search/">
  <ShortName>James Willard Schultz Collection</ShortName>
  <Description>Search James Willard Schultz Collection</Description>
  <InputEncoding>UTF-8</InputEncoding>
  <Image width="16" height="16" type="image/x-icon">https://www.lib.montana.edu/~jason/files/digital-library-pwa/img/icons/favicon.png</Image>
  <Url type="text/html" method="get" template="https://www.lib.montana.edu/~jason/files/digital-library-pwa/search.html?q={searchTerms}&amp;ref=opensearch"/>
  <moz:SearchForm>https://www.lib.montana.edu/~jason/files/digital-library-pwa/search.html</moz:SearchForm>
</OpenSearchDescription>
