<span><!--more--></span>
<!--[ Thumbnail ]-->




<!--[ Synopsis ]-->

<p id="synopsis">One day, a gamer played video games until he fell asleep...and when he woke up, he found himself in the game world—as a skeleton! Equipped with the powerful weapons and armor of his avatar but stuck with its frightening skeletal appearance, Arc has to find a place for himself in this new, fantastical land. All his hopes for a quiet life are dashed when he crosses paths with a beautiful elven warrior, setting him on a journey full of conflict and adventure.</p>


<!--[ Extra information ]-->

<div id="extra-info">

  <div>Studios: <span>
    <a href="/" title='LIDENFILMS'>LIDENFILMS</a>
    </span>
  </div>

  <div>Date aired: <span> Jan 06, 2022 to Mar 31, 2022 </span>
  </div>

  <div>Premiered: <span>
    <a href="/search?q=Action|Adventure">Winter 2022</a>
    </span>
  </div>

  <div>Duration: <span>23 min/ep</span>
  </div>

  <div>Quality: <span>
    <span>HD</span>
    </span>
  </div>  

</div>


<!--[ Streaming Player ]-->

<div id="shadow"></div>
<div class="DagPlaArea DagTo">
  <div id="PlayVideo" class="video-content">
    <div id="embed_holder">
      <div class="player-embed" id="pembed">
        <div class="playerload"></div>
        <div id="player_embed">
          <div class="pframe"><iframe src="" frameborder="0" marginwidth="0" marginheight="0" scrolling="NO"
              width="100%" height="100%" allowfullscreen="true" webkitallowfullscreen="true"
              mozallowfullscreen="true"></iframe>
          </div>
        </div>
      </div>
    </div>
  </div>
  <div class="video-nav">
    <div class="itemleft">
      <div class="icon DagLight">
        <svg viewBox="0 0 24 24">
          <path fill="currentColor"
            d="M20,11H23V13H20V11M1,11H4V13H1V11M13,1V4H11V1H13M4.92,3.5L7.05,5.64L5.63,7.05L3.5,4.93L4.92,3.5M16.95,5.63L19.07,3.5L20.5,4.93L18.37,7.05L16.95,5.63M12,6A6,6 0 0,1 18,12C18,14.22 16.79,16.16 15,17.2V19A1,1 0 0,1 14,20H10A1,1 0 0,1 9,19V17.2C7.21,16.16 6,14.22 6,12A6,6 0 0,1 12,6M14,21V22A1,1 0 0,1 13,23H11A1,1 0 0,1 10,22V21H14M11,18H13V15.87C14.73,15.43 16,13.86 16,12A4,4 0 0,0 12,8A4,4 0 0,0 8,12C8,13.86 9.27,15.43 11,15.87V18Z" />
        </svg>
        <span>Turn on Light</span>
      </div>
      <div class="icon DagShre">
        <svg xmlns="http://www.w3.org/2000/svg" xmlns:xlink="http://www.w3.org/1999/xlink" aria-hidden="true" role="img" width="1em" height="1em" preserveAspectRatio="xMidYMid meet" viewBox="0 0 24 24"><g fill="none"><path d="M3 3h6v2H5v4H3V3z" fill="currentColor"/><path d="M3 21h6v-2H5v-4H3v6z" fill="currentColor"/><path d="M15 21h6v-6h-2v4h-4v2z" fill="currentColor"/><path d="M21 3h-6v2h4v4h2V3z" fill="currentColor"/></g></svg>
        <a href="#PlayVideo">Expand</a>
      </div>
      <div class="icon DagCom">
        <svg viewBox="0 0 24 24">
          <path fill="currentColor"
            d="M12,23A1,1 0 0,1 11,22V19H7A2,2 0 0,1 5,17V7A2,2 0 0,1 7,5H21A2,2 0 0,1 23,7V17A2,2 0 0,1 21,19H16.9L13.2,22.71C13,22.89 12.76,23 12.5,23H12M3,15H1V3A2,2 0 0,1 3,1H19V3H3V15Z" />
        </svg>
        <a href="#comments"><span>Komentar</span></a>
      </div>
    </div>
    <div class="itemright">
    <div class="icon Report">
        <svg xmlns="http://www.w3.org/2000/svg" xmlns:xlink="http://www.w3.org/1999/xlink" aria-hidden="true" role="img" width="0.38em" height="1em" preserveAspectRatio="xMidYMid meet" viewBox="0 0 192 512"><path d="M176 432c0 44.112-35.888 80-80 80s-80-35.888-80-80s35.888-80 80-80s80 35.888 80 80zM25.26 25.199l13.6 272C39.499 309.972 50.041 320 62.83 320h66.34c12.789 0 23.331-10.028 23.97-22.801l13.6-272C167.425 11.49 156.496 0 142.77 0H49.23C35.504 0 24.575 11.49 25.26 25.199z" fill="currentColor"/></svg>
        <span>Report</span>
      </div>
    </div>
  </div>

</div>


<!--[ Streaming Server ]-->

<div class="server_option">
  <div class="tabs servers">
    <span class="tablinks" id="serverOpen" onclick="openCity(event, 'VideoVard')">VideoVard</span>
    <span class="tablinks" onclick="openCity(event, 'Streamtape')">Streamtape</span>
    <span class="tablinks" onclick="openCity(event, 'Mp4upload')">Mp4upload</span>
  </div>
  <div id="server">
    <ul id="VideoVard" class="serverEpisode">
      <li>
        <div class="DagPlayOpt" data-embed="https://videovard.sx/e/05aq1d1pqdde?autostart=true" data-id="Server-1">
          <span>01</span> </div>
      </li>
      <li>
        <div class="DagPlayOpt" data-embed="https://videovard.sx/e/m0be9m6fdmky?autostart=true" data-id="Server-1">
          <span>02</span> </div>
      </li>
      <li>
        <div class="DagPlayOpt" data-embed="https://videovard.sx/e/sw5x15pcqxuq?autostart=true" data-id="Server-1">
          <span>03</span> </div>
      </li>
    </ul>
  </div>
</div>
