<!DOCTYPE html>
<html lang="id">
<head>
    <meta charset="UTF-8">
    <meta name="viewport" content="width=device-width, initial-scale=1.0">
    <title>Informasi Anime</title>
    <style>
       .body {
            font-family: Arial, sans-serif;
        }
        .header {
  background: linear-gradient(to right, #2fa4fd, #c7e6ff); /* Gradient color from dark blue to lighter blue */
  color: white;
  padding: 10px;
  text-align: center;
}
        .container {
            max-width: 600px;
            margin: auto;
        }
        img {
            width: 100%;
            height: auto;
        }
        table {
            width: 100%;
            margin-top: 20px;
            border-collapse: collapse;
        }
        th, td {
            padding: 10px;
            text-align: left;
            border: 1px solid #ddd;
        }
    </style>
</head>
<body>
  


<div class="container" style="text-align: center;">
    <img src="GAMBAR" alt="GAMBAR" style="width:200px; height:auto; display:block; margin:auto;">
    <table>
        <tr><th>Judul</th><td>: JUDUL_DONGHUA</td></tr>
        <tr><th>Chinese</th><td>: JUDUL_CHINA</td></tr>
        <tr><th>Tipe</th><td>: Donghua</td></tr>
        <tr><th>Status</th><td>: Upcoming</td></tr>
        <tr><th>Total Episode</th><td>: EPISODE</td></tr>
        <tr><th>Durasi</th><td>: DURASI min. per ep.</td></tr>
        <tr><th>Tanggal Rilis</th><td>: TANGGAL_RILIS</td></tr>
        <tr><th>Studio</th><td>: STUDIO</td></tr>
        <tr><th>Genre</th><td>: Action, Fantasy, </td></tr>
      <b>Sinopsis</b>
      <br />
      "SINOPSIS"
    </table>
</div>

</body>
</html>

<!DOCTYPE html>
<html lang="id">
<head>
<meta charset="UTF-8">
<meta name="viewport" content="width=device-width, initial-scale=1.0">
<title>Tombol Episode</title>
<style>
/* Tambahkan gaya CSS Anda di sini */
  .episode-button a {
  color: inherit; /* Warna teks akan mengikuti warna dari elemen induknya */
  text-decoration: none; /* Menghilangkan garis bawah */
}
.episode-button {
  background-color: #2fa4fd; /* Warna latar belakang tombol */
  border: none;
  color: white;
  padding: 10px 20px;
  text-align: center;
  text-decoration: none;
  display: inline-block;
  font-size: 12px;
  margin: 1px 0px;
  cursor: pointer;
}
</style>
</head>
<body>

