<?xml version="1.0" encoding="UTF-8" ?>
<!DOCTYPE html>
<HTML amp='amp'>
&lt;head&gt;
<meta charset='utf-8'/>
<meta content='width=device-width,initial-scale=1,minimum-scale=1,maximum-scale=1,user-scalable=no,minimal-ui' name='viewport'/>
<b:if cond='data:blog.pageType == &quot;index&quot;'>
    <title><data:blog.pageTitle/></title>
<b:else/>
    <b:if cond='data:blog.pageType == &quot;error_page&quot;'>
        <title>404: Page Not Found | <data:blog.title/></title>
    <b:else/>
        <title><data:blog.pageName/></title>
    </b:if>
</b:if>
<meta content='blogger' name='generator'/>
<link expr:href='data:blog.url' rel='amphtml'/>
<link expr:href='data:blog.url' rel='canonical'/>
<link expr:href='data:blog.homepageUrl + &quot;favicon.ico&quot;' rel='icon' type='image/x-icon'/>
<link href='https://4.bp.blogspot.com/-K4gIDbjlKLY/WAhyn72yY3I/AAAAAAAAHzI/bzEy3MisWr4tYJlZKGgyDM_ISSEEwzo9wCK4B/s192/amp-icon-new.png' rel='apple-touch-icon'/>
<link href='https://4.bp.blogspot.com/-K4gIDbjlKLY/WAhyn72yY3I/AAAAAAAAHzI/bzEy3MisWr4tYJlZKGgyDM_ISSEEwzo9wCK4B/s76/amp-icon-new.png' rel='apple-touch-icon' sizes='76x76'/>
<link href='https://4.bp.blogspot.com/-K4gIDbjlKLY/WAhyn72yY3I/AAAAAAAAHzI/bzEy3MisWr4tYJlZKGgyDM_ISSEEwzo9wCK4B/s120/amp-icon-new.png' rel='apple-touch-icon' sizes='120x120'/>
<link href='https://4.bp.blogspot.com/-K4gIDbjlKLY/WAhyn72yY3I/AAAAAAAAHzI/bzEy3MisWr4tYJlZKGgyDM_ISSEEwzo9wCK4B/s152/amp-icon-new.png' rel='apple-touch-icon' sizes='152x152'/>
<link href='https://4.bp.blogspot.com/-K4gIDbjlKLY/WAhyn72yY3I/AAAAAAAAHzI/bzEy3MisWr4tYJlZKGgyDM_ISSEEwzo9wCK4B/s180/amp-icon-new.png' rel='apple-touch-icon' sizes='180x180'/>
<link href='https://4.bp.blogspot.com/-K4gIDbjlKLY/WAhyn72yY3I/AAAAAAAAHzI/bzEy3MisWr4tYJlZKGgyDM_ISSEEwzo9wCK4B/s128/amp-icon-new.png' rel='icon' sizes='128x128'/>
<link href='https://4.bp.blogspot.com/-K4gIDbjlKLY/WAhyn72yY3I/AAAAAAAAHzI/bzEy3MisWr4tYJlZKGgyDM_ISSEEwzo9wCK4B/s192/amp-icon-new.png' rel='icon' sizes='192x192'/>
<meta content='https://4.bp.blogspot.com/-K4gIDbjlKLY/WAhyn72yY3I/AAAAAAAAHzI/bzEy3MisWr4tYJlZKGgyDM_ISSEEwzo9wCK4B/s180/amp-icon-new.png' name='msapplication-TileImage'/>

<link expr:href='data:blog.homepageUrl + &quot;feeds/posts/default&quot;' expr:title='data:blog.title + &quot; - Atom&quot;' rel='alternate' type='application/atom+xml'/>
<link expr:href='data:blog.homepageUrl + &quot;feeds/posts/default?alt=rss&quot;' expr:title='data:blog.title + &quot; - RSS&quot;' rel='alternate' type='application/rss+xml'/>
<link expr:href='&quot;http://www.blogger.com/feeds/&quot; + data:blog.blogId + &quot;/posts/default&quot;' expr:title='data:blog.title + &quot; - Atom&quot;' rel='alternate' type='application/atom+xml'/>
<link href='http://www.blogger.com/openid-server.g' rel='openid.server'/>
<link expr:href='data:blog.homepageUrl' rel='openid.delegate'/>
<link href='https://plus.google.com/u/0/104503111453979822788' rel='me'/>
<link href='https://plus.google.com/u/0/104503111453979822788' rel='publisher'/>
<!--[if IE]> <script> (function() { var html5 = ("abbr,article,aside,audio,canvas,datalist,details," + "figure,footer,header,hgroup,mark,menu,meter,nav,output," + "progress,section,time,video").split(','); for (var i = 0; i < html5.length; i++) { document.createElement(html5[i]); } try { document.execCommand('BackgroundImageCache', false, true); } catch(e) {} })(); </script> <![endif]-->

<b:if cond='data:blog.pageType == &quot;item&quot;'>
<b:if cond='data:blog.postImageThumbnailUrl'>
<link expr:href='data:blog.postImageThumbnailUrl' rel='image_src'/>
</b:if>
</b:if>

<b:if cond='data:blog.pageType == &quot;item&quot;'>
<meta expr:content='data:blog.pageName' property='og:title'/>
<meta expr:content='data:blog.canonicalUrl' property='og:url'/>
<meta content='article' property='og:type'/>
<b:if cond='data:blog.metaDescription != &quot;&quot;'>
<meta expr:content='data:blog.metaDescription' name='description' property='og:description'/>
<meta expr:content='data:blog.pageName + &quot;, android, apk, gadget&quot;' name='keywords'/>
<b:else/>
<meta expr:content='data:blog.pageName + &quot; - &quot; + data:blog.title' name='description' property='og:description'/>
</b:if>
</b:if>

<meta expr:content='data:blog.title' property='og:site_name'/>

<b:if cond='data:blog.url == data:blog.homepageUrl'>
<meta expr:content='data:blog.metaDescription' name='description'/>
<meta expr:content='data:blog.title' property='og:title'/>
<meta content='website' property='og:type'/>
<b:if cond='data:blog.metaDescription'>
<meta expr:content='data:blog.metaDescription' property='og:description'/>
<b:else/>
<meta expr:content='&quot;Silahkan kunjungi &quot; + data:blog.pageTitle + &quot;Untuk membaca postingan-postingan menarik.&quot;' property='og:description'/>
</b:if>
</b:if>
<b:if cond='data:blog.postImageUrl'>
<meta expr:content='data:blog.postImageUrl' property='og:image'/>
<b:else/>
<b:if cond='data:blog.postImageThumbnailUrl'>
<meta expr:content='data:blog.postThumbnailUrl' property='og:image'/>
<b:else/>
<meta content='https://4.bp.blogspot.com/-B40MlR9y3gQ/WD0DYcyWG_I/AAAAAAAAAzw/shu9g0CdpT4LPHSfgGv4hrxWK9LtGCJaQCLcB/s1600/noimg.jpg' property='og:image'/>
</b:if>
</b:if>
<meta content='xxxx' name='google-site-verification'/>
<meta content='xxxx' property='fb:admins'/>
<b:if cond='data:blog.pageType == &quot;item&quot;'>
<meta content='https://www.facebook.com/xxx' property='article:author'/>
</b:if>
<meta expr:content='data:blog.title' name='twitter:site'/>
<meta content='summary_large_image' name='twitter:card'/>
<meta content='@admin' name='twitter:creator'/>
<meta content='#4285f4' name='theme-color'/>
<meta content='#4285f4' name='msapplication-navbutton-color'/>
<meta content='black' name='apple-mobile-web-app-status-bar-style'/>
&lt;!-- <b:skin><![CDATA[
#header{width:350px;margin:0;padding:0}
.content-wrapper{width:1050px}
.main-wrapper{width:520px;float:left}
.sidebar-wrapper{width:250px;float:right}
.sidebarleft-wrapper{width:260px;float:left;word-wrap:break-word;overflow:hidden;margin-right:10px}
#footer1{width:48%;margin:10px}
.footer{float:left;width:22%;margin:10px}
ul, ol {list-style:none}
*/]]></b:skin>
<b:if cond='data:blog.pageType != &quot;item&quot; and data:blog.pageType != &quot;static_page&quot;'>
<style amp-custom='amp-custom'>
@font-face {
  font-family: &#39;Poppins&#39;;
  font-style: normal;
  font-weight: 400;
  src: local(&#39;Poppins&#39;), local(&#39;Poppins-Regular&#39;), url(https://fonts.gstatic.com/s/poppins/v1/HLBysyo0MQBO_7E-DWLwzg.woff2) format(&#39;woff2&#39;);
}
@font-face {
  font-family: &#39;Poppins&#39;;
  font-style: normal;
  font-weight: 500;
  src: local(&#39;Poppins Medium&#39;), local(&#39;Poppins-Medium&#39;), url(https://fonts.gstatic.com/s/poppins/v1/yQWaOD4iNU5NTY0apN-qj_k_vArhqVIZ0nv9q090hN8.woff2) format(&#39;woff2&#39;);
}
@font-face {
  font-family: &#39;Poppins&#39;;
  font-style: normal;
  font-weight: 600;
  src: local(&#39;Poppins SemiBold&#39;), local(&#39;Poppins-SemiBold&#39;), url(https://fonts.gstatic.com/s/poppins/v1/zO07Oxe3SOlw0l2YX2sdIfk_vArhqVIZ0nv9q090hN8.woff2) format(&#39;woff2&#39;);
}
@font-face {
  font-family: &#39;Poppins&#39;;
  font-style: normal;
  font-weight: 700;
  src: local(&#39;Poppins Bold&#39;), local(&#39;Poppins-Bold&#39;), url(https://fonts.gstatic.com/s/poppins/v1/57TQ-anwthzkETEIO4jESPk_vArhqVIZ0nv9q090hN8.woff2) format(&#39;woff2&#39;);
}
/* Material Icon */
@font-face {
  font-family: &#39;Material Icons&#39;;
  font-style: normal;
  font-weight: 400;
  src: local(&#39;Material Icons&#39;), local(&#39;MaterialIcons-Regular&#39;), url(https://fonts.gstatic.com/s/materialicons/v12/2fcrYFNaTjcS6g4U3t-Y5ewrjPiaoEww8AihgqWRJAo.woff) format(&#39;woff&#39;), url(https://fonts.gstatic.com/s/materialicons/v12/2fcrYFNaTjcS6g4U3t-Y5ZjZjT5FdEJ140U2DJYC3mY.woff2) format(&#39;woff2&#39;), url(https://fonts.gstatic.com/s/materialicons/v12/2fcrYFNaTjcS6g4U3t-Y5bbKic1PW3nceB3q24YFOMg.ttf) format(&#39;truetype&#39;);}
.material-icons {font-family: &#39;Material Icons&#39;;font-weight:normal;font-style:normal;font-size:inherit;display:inline-block;line-height:1;text-transform:none;letter-spacing:normal;word-wrap:normal;white-space:nowrap;direction:ltr;vertical-align:middle;}

/* Framwork */
#navbar-iframe,.quickedit,.postsocial{height:0;visibility:hidden;display:none}
body{background:#E9E9E9;font-family: &#39;Poppins&#39;, sans-serif;font-size:13.6px;font-weight:400;line-height:22px;text-decoration:none}
#header h1,#header p,.Navtop ul li a,.search-form{text-transform:uppercase}
.main-wrapper,.sidebar-wrapper{word-wrap:break-word;overflow:hidden}
.Label ul,.sidebar ul,ul.sidebar-menu li,ul.sidebar-menu li ul li{list-style:none}
#credit,.clear{clear:both}
a,a:link,a:visited{color:#FF4D3C;text-decoration:none}
a:active,a:hover{color:#111;text-decoration:none}

#menu{background:#fff;height:42px;margin:0 auto;border-top:4px solid #FF4D3C}
#menu ul,#menu li{margin:0 auto;padding:0 0;list-style:none}
#menu ul{height:42px;width:1024px}
.li-home{background:#f50;}
.li-home a{font-size:22px;}
#menu li{float:left;display:inline;position:relative;font-size:14px;color:#111;font-weight:600;text-transform:uppercase;}
#menu a{display:block;line-height:42px;padding:0 14px;text-decoration:none;color:#111}
#menu li a:hover {color:#fff;background-color:#FF4D3C;transition: all 0.3s ease-in;}
#menu input{display:none;margin:0 0;padding:0 0;width:80px;height:30px;opacity:0;cursor:pointer}
#menu label{font-size:20px;display:none;width:35px;height:20px;line-height:20px;text-align:center;color:#111}
#menu label span{font-size:14px;position:absolute;left:35px;}
#menu ul.menus{height:auto;overflow:hidden;width:180px;background:#FF4D3C;position:absolute;z-index:99;display:none;left:0;}
#menu ul.menus li{display:block;width:100%;font-size:13px;text-transform:none;text-shadow:none}
#menu ul.menus a{color:#fff;text-transform:uppercase}
#menu li:hover ul.menus{display:block}
#menu a.sub{padding:0 27px 0 14px}
#menu a.sub::after{content:&quot;&quot;;width:0;height:0;}
#menu ul.menus a:hover{background:#DF4E41;color:#fff}

.search-wrapper{height:60px;float:right;display:inline;padding:0}
#header .description,#items-thumbnail,#items-thumbnail amp-img,.breadcrumbs,.thumbamp,h2.date-header{display:none}
#search-box{width:190px;height:50px;float:right;padding:0;margin:0;position:relative}
#search-box form{border:0;line-height:60px}
.search-button,.search-form{line-height:60px;border:0;height:60px;margin:0}
.search-form{background:#646464;color:gray;width:100%;padding-left:20px;font-size:12px;letter-spacing:1px;font-weight:400;box-sizing:border-box}
.search-button{background:#FF4D3C;width:40px;text-align:center;top:0;right:0;font-size:25px;color:#fff;position:absolute;border-radius:0;text-shadow:none;box-shadow:none}
.search-button:focus,.search-button:hover,.search-form:focus,.search-form:hover{border:0;outline:0;color:#000}

.header-wrapper{background:#1a1a1a;width:100%;height:60px;position:relative;z-index:999;overflow:hidden}
#header{background:#FF4D3C;height:60px;float:left;width:auto;overflow:hidden;z-index:999;margin:0;padding:0}
#header-inner{margin:-10px 15px 10px;width:150px;padding:0}
#header-inner a{color:#fff}
#header h1{margin:0;padding:0;font-size:140%;float:left;color:#212121;line-height:60px}
#header amp-img{margin-top:-5px;margin-right:0;height:auto;width:auto;vertical-align:middle}

.Navtop{float:right;width:auto;height:auto;padding:0;margin:0}
.Navtop ul{margin:0 auto;padding:0;line-height:3em}
.Navtop ul li{display:inline-block;margin:0 auto;padding-top:8px}
.Navtop ul li a:hover{color:#fff;background:#FF4D3C}
.Navtop ul li a{color:#646464;padding:39px 15px;font-size:25px;font-weight:400;margin-top:0;margin-left:-4px}
h2,h3.date-header{text-transform:none}

.outerpic-wrapper{width:100%;padding:0;overflow:hidden}
.content-wrapper{position:relative;max-width:1024px;margin:0 auto;}
.outer-wrapper{position:relative;width:100%;padding:0;margin:0 auto;}
.main-wrapper{width:545px;margin:0;float:left}

h2{line-height:1.4em;color:#333;margin:.5em 0 .25em}
h3.date-header{font:400 12px Arial;color:#666;line-height:1.2em;margin:.1em 0}
.postag a,.sidebar h2{text-transform:uppercase}
.post {padding:0;background:#fff;height:160px;overflow: hidden;margin:0 auto 20px;display:block;position:relative}
.post h1,.post h2{font-size:120%;line-height:1.2em;color:#111;margin:0;padding-top:15px;padding-right:15px;font-weight:600;text-align:left}
.post h1 a,.post h1 a:visited,.post h1 strong,.post h2 a,.post h2 a:visited,.post h2 strong{display:block;text-decoration:none;color:#333}
.post h1 a:hover,.post h1 strong,.post h2 a:hover,.post h2 strong{color:#aaa}
.summary{font-size:12px;line-height:1.5em;color:#555;margin:1em 0 .75em;padding-right:15px}

.post-outer:nth-child(1) .post {
    margin-bottom: 20px;
    padding: 0;
    margin-top: 15px;
    width: 100%;
    height: 500px;
    background: #222;
    float: left;
}
.post-outer:nth-child(1) .thumbnail-area {
    width: 100%;
    height: 300px;
    overflow: hidden;
    padding: 0;
    margin: 0;
    display: inline;
    float: left;
}
.post-outer:nth-child(1) .summary {
    font-size: 12px;
    line-height: 1.5em;
    color: #b5b5b5;
    margin: 15px 0 .75em;
    padding: 0 20px;
}
.post-outer:nth-child(1) .post h2 {
    font-size: 25px;
    font-weight: 600;
    text-transform: capitalize;
    line-height: 1.3em;
    padding: 10px 20px 10px 20px;
    display: inline-block;
    overflow: hidden;
    position: relative;
}
.post-outer:nth-child(1) .post h2 a{
    color: #eee;
}
.post-outer:nth-child(1) .postag {
    margin-left:15px;
}
.post-outer:nth-child(1) .postag a {
    display: inline-block;
    margin-bottom: -20px;
    text-decoration: none;
    font-size: 10px;
    cursor: pointer;
    color: #fff;
    margin-left: 5px;
    border-radius: 3px;
    padding: 0 5px;
    background: #ff4d3c;
}


.thumbnail-area{width:200px;height:160px;overflow:hidden;padding:0;margin:0 20px 0 0;display:inline;float:left}
.thumbnailjpg{width:100%;height:auto;margin:0;padding:0;border:0;outline:0}
#header2 img,.post img,.sidebar img{max-width:100%;width:auto;border:0}

#PopularPosts1 h2{background:#1a1a1a}
.PopularPosts .widget-content{padding:0;box-sizing:border-box}
.PopularPosts .widget-content ul{width:100%;padding:0;list-style-type:none;background:#1a1a1a}
.PopularPosts .widget-content ul li{margin:0;padding:10px 0 10px 60px;position:relative;overflow:hidden;border-top:1px solid #444}
.PopularPosts .widget-content ul li:last-child{border-bottom:none}
.PopularPosts .widget-content ul li .item-title{color:#fff;line-height:1.1em;padding:0 10px 0 0}
.PopularPosts .widget-content ul li .item-title a{text-decoration:none;font-size:15px;font-weight:400}
.PopularPosts .item-snippet{font-size:14px;font-weight:400;margin-top:10px;line-height:1.1em}
.PopularPosts .widget-content ul li amp-img{width:300px;height:180px;padding-right:0;transition:all .5s ease-out}
.PopularPosts .widget-content ul li:first-child{border-bottom:none;padding:0}
.PopularPosts .widget-content ul li:first-child .item-thumbnail{margin:0;width:100%;height:180px;overflow:hidden;display:block}
.PopularPosts .widget-content ul li:first-child .item-title{position:absolute;left:0;right:0;bottom:0;text-align:left;padding:15px 20px 15px 60px;background:rgba(0,0,0,.7);z-index:1}
.PopularPosts .widget-content ul li:first-child .item-title a{color:#fff}
.PopularPosts .item-snippet,.PopularPosts .widget-content ul li .item-thumbnail{display:none}
.PopularPosts .widget-content ul{padding-left:0;counter-reset:popcount}
.PopularPosts .widget-content ul li .item-title:before{list-style-type:none;padding:0;counter-increment:popcount;content:counter(popcount);position:absolute;left:10px;top:50%;margin-top:-19px;color:#fff;font-size:38px;line-height:1;z-index:2}
.sidebar .PopularPosts .item-title a{color:#fff;text-decoration:none}
.PopularPosts .widget-content ul li:first-child .item-title:before{color:#fff}

.postag a{display:inline-block;margin-bottom:-20px;text-decoration:none;font-size:11px;cursor:pointer}
.home-link,.postag a:nth-child(10),.postag a:nth-child(11),.postag a:nth-child(2),.postag a:nth-child(3),.postag a:nth-child(4),.postag a:nth-child(5),.postag a:nth-child(6),.postag a:nth-child(7),.postag a:nth-child(8),.postag a:nth-child(9){display:none}
.postag a:hover{background:0 0;color:#555}
#blog-pager-newer-link a,#blog-pager-older-link a{background:#fff;padding-top:5px;color:#111;width:40px;height:30px;transition:all .4s ease-out;margin-bottom:20px}
#blog-pager-newer-link a{float:left;margin-left:0}
#blog-pager-older-link a{float:right}
#blog-pager-newer-link a:hover,#blog-pager-older-link a:hover{background:#FF4D3C;color:#fff}
#blog-pager{text-align:center;margin-bottom:20px}

.sidebar-wrapper{width:300px;float:right}
.sidebar h2,.sidebarleft h2{background:#444;color:#fff;font-size:14px;top:0;margin:0;padding:8px 0 8px 13px}
.sidebar{color:#111;line-height:1em;margin:5px 0}
.sidebar li{line-height:1.5em;margin:0;padding:5px 0 4px}
.sidebar li:last-child{background:0 0}
.sidebar .widget{margin:15px 0 0;padding:0}
.sidebar .widget-content{margin:0 auto;padding:0}
.sidebar a:link,.sidebar a:visited{text-decoration:none;line-height:1.5em;font-weight:400}
.sidebar li a:hover{color:#aaa}
.sidebar ul{margin:0;padding:5px 0}

.sidebarleft-wrapper{width:160px;float:left;word-wrap:break-word;overflow:hidden;margin-right:10px}
.sidebarleft li{line-height:1.3em;margin:0;padding:5px 0 4px 15px;border-bottom:1px dashed #333}
.sidebarleft .widget-content{margin:0 auto;padding:0 10px;}
.sidebarleft .widget{margin:15px auto;padding:0;}
.sidebarleft a:link,.sidebarleft a:visited{font-size:12px;color:#eee;text-decoration:none}
.sidebarleft li a:hover{color:#8cd700}
.sidebarleft ul{list-style:none;margin:0;padding:5px 0}

.Label li,.Label li a,.label-size a{position:relative;transition:all .3s ease-out}
#Label1 h2{background:#C73C2F}
.widget-content.cloud-label-widget-content{width:100%;display:inline-block}
.widget-content.list-label-widget-content{padding:0}
.label-size-1,.label-size-2,.label-size-3,.label-size-4,.label-size-5{font-size:100%;opacity:1}
.cloud-label-widget-content{text-align:left;padding:10px}
.Label li,.Label ul{background:#FF4D3C;padding:0;margin:0}
.label-count{white-space:nowrap}
.Label ul{width:100%}
.Label li{text-align:left;max-width:100%;overflow:hidden;border-bottom:1px solid #FD6658;border-top:1px solid #E94D3F}
.Label li:hover,.label-size a:hover{color:#e64c65}
.Label li a,.label-size a{padding:17px 20px 19px;display:block;line-height:1.2em;color:#eee;text-decoration:none;font-weight:400}
.Label li a:hover{color:#aaa}
.Label li span,.label-count{float:right;height:27px;line-height:25px;padding:0 10px;text-align:center;display:inline-block;background:#FF4D3C;color:#fff;position:absolute;top:15px;right:17px;z-index:2;border-radius:99em}
.label-size{width:100%;position:relative}
.label-size{display:block;min-width:100%}

#footer{background:#fff;width:100%;padding:0;border-bottom:5px solid #FF4D3C}
#footer1{width:50%;margin:10px}
.footer-wrapper{color:#444;font-size:11px;height:100%;line-height:16px;overflow:hidden;padding:0}
.footer{float:left;width:22%;margin:10px}
.footer .widget{margin-bottom:20px;}
.footer h2{font-size:16px;text-align:left;padding:6px 0;text-transform:uppercase;color:#333;}
.footer .widget-content{line-height:16px}
.footer ul{list-style:none;color:#444;margin:0;padding:0}
.footer li{font-size:12px;color:#444;text-indent:0;line-height:1.3em;margin:0;padding:4px 0 5px 0;}
.footer a:link,.footer li a:visited{color:#444;text-decoration:none}
.footer li a:hover{color:#aaa}

#credit{background:#e9e9e9;font-size:11px;color:#777;width:100%;overflow:hidden;clear:both;padding:15px 0 15px 0;line-height:18px;text-align:center;text-transform:capitalize;position:relative}
#credit a{color:#999;text-decoration:none;}
#credit a:hover{color:#777;text-decoration:none}

/* Mobile */
@media screen and (max-width:1024px){
.header-wrapper{width:100%}
.main-wrapper{width:52.4%;}
.thumbnail-area{height:170px}
.post h1,.post h2{padding-right:15px;font-size:18px}
.summary {
    font-size: 12px;
    line-height: 1.3em;
    padding-right: 8px;
}
}
@media screen and (max-width: 800px){
.content-wrapper{position:relative;width:100%;margin:0 auto}
.main-wrapper{margin-left:0;width:100%;}
#menu{width:100%}
#menu{position:relative}
#menu ul{background:#DF4E41;position:absolute;top:100%;left:0;z-index:3;height:auto;display:none;width:100%;}
#menu ul.menus{width:100%;position:static;padding-left:20px;border:none;}
#menu li{display:block;float:none;width:auto;}
#menu input,#menu label{position:absolute;top:12px;left:0;display:block}
#menu input{z-index:4}
#menu input:checked + label{color:#111}
#menu input:checked ~ ul{display:block}
#menu a {
    display: block;
    line-height: 42px;
    padding: 0 14px;
    text-decoration: none;
    color: #fff;
}
.sidebarleft-wrapper{display:none}
.sidebar-wrapper{float:none;margin:0 auto;}
}
@media screen and (max-width: 760px){
.outer-wrapper{padding:0}
.main-wrapper{margin-right:0;width:100%;min-height:0}
.footer{width:auto;margin:15px}
}
@media screen and (max-width: 480px){
#header img{width:100%}
.content-wrapper{position:relative;width:100%;margin:0 auto}
.search-wrapper,#search-box{width:100%;height:73px;}
.summary,.post h1,.post h2{padding-left:20px;padding-right:15px}
.post-outer:nth-child(1) .post {
    margin-bottom: 20px;
    padding: 0;
    margin-top: 15px;
    width: 100%;
    height: auto;
    background: #222;
    float: left;
}
.post{padding-bottom:10px;height: auto;}
.thumbnail-area {
    height: 190px;
    width: 100%;
}
.post-outer:nth-child(1) .postag {
    margin-left: -5px;
}
.postag{padding-left: 20px;}
.footer .widget{margin-left:10px}
#footer1,.footer .widget-content,.footer{float:none;width:100%;margin:0 auto;}
.thumbnail-area {
    width: 100%;
    margin-bottom: 20px;
}
}
@media screen and (max-width: 320px){
.search-wrapper,#search-box{width:100%}
.post-outer:nth-child(1) .thumbnail-area {
    width: 100%;
    height: 180px;
    overflow: hidden;
    padding: 0;
    margin: 0;
    display: inline;
    float: left;
}
}
@media screen and (max-width: 240px){
#header2{text-align:center;width:100%}
}
</style>
  </b:if>
<b:if cond='data:blog.pageType == &quot;item&quot;'>
<style amp-custom='amp-custom'>
@font-face {
  font-family: &#39;Poppins&#39;;
  font-style: normal;
  font-weight: 400;
  src: local(&#39;Poppins&#39;), local(&#39;Poppins-Regular&#39;), url(https://fonts.gstatic.com/s/poppins/v1/HLBysyo0MQBO_7E-DWLwzg.woff2) format(&#39;woff2&#39;);
}
@font-face {
  font-family: &#39;Poppins&#39;;
  font-style: normal;
  font-weight: 500;
  src: local(&#39;Poppins Medium&#39;), local(&#39;Poppins-Medium&#39;), url(https://fonts.gstatic.com/s/poppins/v1/yQWaOD4iNU5NTY0apN-qj_k_vArhqVIZ0nv9q090hN8.woff2) format(&#39;woff2&#39;);
}
/* latin */
@font-face {
  font-family: &#39;Poppins&#39;;
  font-style: normal;
  font-weight: 600;
  src: local(&#39;Poppins SemiBold&#39;), local(&#39;Poppins-SemiBold&#39;), url(https://fonts.gstatic.com/s/poppins/v1/zO07Oxe3SOlw0l2YX2sdIfk_vArhqVIZ0nv9q090hN8.woff2) format(&#39;woff2&#39;);
}
@font-face {
  font-family: &#39;Poppins&#39;;
  font-style: normal;
  font-weight: 700;
  src: local(&#39;Poppins Bold&#39;), local(&#39;Poppins-Bold&#39;), url(https://fonts.gstatic.com/s/poppins/v1/57TQ-anwthzkETEIO4jESPk_vArhqVIZ0nv9q090hN8.woff2) format(&#39;woff2&#39;);
}
/* Material Icon */
@font-face {
  font-family: &#39;Material Icons&#39;;
  font-style: normal;
  font-weight: 400;
  src: local(&#39;Material Icons&#39;), local(&#39;MaterialIcons-Regular&#39;), url(https://fonts.gstatic.com/s/materialicons/v12/2fcrYFNaTjcS6g4U3t-Y5ewrjPiaoEww8AihgqWRJAo.woff) format(&#39;woff&#39;), url(https://fonts.gstatic.com/s/materialicons/v12/2fcrYFNaTjcS6g4U3t-Y5ZjZjT5FdEJ140U2DJYC3mY.woff2) format(&#39;woff2&#39;), url(https://fonts.gstatic.com/s/materialicons/v12/2fcrYFNaTjcS6g4U3t-Y5bbKic1PW3nceB3q24YFOMg.ttf) format(&#39;truetype&#39;);
}
.material-icons {font-family: &#39;Material Icons&#39;;font-weight:normal;font-style:normal;font-size:inherit;display:inline-block;line-height:1;text-transform:none;letter-spacing:normal;word-wrap:normal;white-space:nowrap;direction:ltr;vertical-align:middle;}

/* Framwork */
#navbar-iframe,.quickedit{height:0;visibility:hidden;display:none}
body{background:#E9E9E9;font-family: &#39;Poppins&#39;, sans-serif;font-size:13.6px;font-weight:400;line-height:22px;text-decoration:none}
#header h1,#header p,.Navtop ul li a,.search-form{text-transform:uppercase}
.main-wrapper,.sidebar-wrapper{word-wrap:break-word;overflow:hidden}
.Label ul,.sidebar ul,ul.sidebar-menu li,ul.sidebar-menu li ul li{list-style:none}
#credit,.clear{clear:both}
a,a:link,a:visited{color:#FF4D3C;text-decoration:none}
a:active,a:hover{color:#111;text-decoration:none}

#menu{background:#fff;height:42px;margin:0 auto;border-top:4px solid #FF4D3C}
#menu ul,#menu li{margin:0 auto;padding:0 0;list-style:none}
#menu ul{height:42px;width:1024px}
.li-home{background:#f50;}
.li-home a{font-size:22px;}
#menu li{float:left;display:inline;position:relative;font-size:14px;color:#111;font-weight:600;text-transform:uppercase;}
#menu a{display:block;line-height:42px;padding:0 14px;text-decoration:none;color:#111}
#menu li a:hover {color:#fff;background-color:#FF4D3C;transition: all 0.3s ease-in;}
#menu input{display:none;margin:0 0;padding:0 0;width:80px;height:30px;opacity:0;cursor:pointer}
#menu label{font-size:20px;display:none;width:35px;height:20px;line-height:20px;text-align:center;color:#111}
#menu label span{font-size:14px;position:absolute;left:35px;}
#menu ul.menus{height:auto;overflow:hidden;width:180px;background:#FF4D3C;position:absolute;z-index:99;display:none;left:0;}
#menu ul.menus li{display:block;width:100%;font-size:13px;text-transform:none;text-shadow:none}
#menu ul.menus a{color:#fff;text-transform:uppercase}
#menu li:hover ul.menus{display:block}
#menu a.sub{padding:0 27px 0 14px}
#menu a.sub::after{content:&quot;&quot;;width:0;height:0;}
#menu ul.menus a:hover{background:#DF4E41;color:#fff}

.search-wrapper{height:60px;float:right;display:inline;padding:0}
#header .description,#items-thumbnail,#items-thumbnail amp-img,.breadcrumbs,.thumbamp,h2.date-header{display:none}
#search-box{width:190px;height:50px;float:right;padding:0;margin:0;position:relative}
#search-box form{border:0;line-height:60px}
.search-button,.search-form{line-height:60px;border:0;height:60px;margin:0}
.search-form{background:#646464;color:gray;width:100%;padding-left:20px;font-size:12px;letter-spacing:1px;font-weight:400;box-sizing:border-box}
.search-button{background:#FF4D3C;width:40px;text-align:center;top:0;right:0;font-size:25px;color:#fff;position:absolute;border-radius:0;text-shadow:none;box-shadow:none}
.search-button:focus,.search-button:hover,.search-form:focus,.search-form:hover{border:0;outline:0;color:#000}

.header-wrapper{background:#1a1a1a;width:100%;height:60px;position:relative;z-index:999;overflow:hidden}
#header{background:#FF4D3C;height:60px;float:left;width:auto;overflow:hidden;z-index:999;margin:0;padding:0}
#header-inner{margin:18px 10px 10px;width:150px;padding:0}
#header-inner a{font-weight:600;font-size:140%;color:#fff}
#header h1{margin:0;padding:0;font-size:140%;float:left;color:#fff;line-height:60px}
#header amp-img{margin-top:-5px;margin-right:0;height:auto;width:auto;vertical-align:middle}

.Navtop{float:right;width:auto;height:auto;padding:0;margin:0}
.Navtop ul{margin:0 auto;padding:0;line-height:3em}
.Navtop ul li{display:inline-block;margin:0 auto;padding-top:8px}
.Navtop ul li a:hover{color:#fff;background:#FF4D3C}
.Navtop ul li a{color:#646464;padding:39px 15px;font-size:25px;font-weight:400;margin-top:0;margin-left:-4px}
h2,h3.date-header{text-transform:none}

.outerpic-wrapper{width:100%;padding:0;overflow:hidden}
.content-wrapper{position:relative;max-width:1024px;margin:0 auto;}
.outer-wrapper{position:relative;width:100%;padding:0;margin:0 auto;}
.main-wrapper{width:710px;margin:0;float:left;word-wrap:break-word;overflow:hidden}

h3.date-header{text-transform:none;font:400 12px Arial;color:#666;line-height:1.2em;margin:.1em 0}
.post{margin:10px 0;padding:0;background:#fff}
.post h1,.post h2{line-height:1.5em;color:#111;margin:0;text-align:left}
.post h1{font-size:200%;padding-top:15px;padding-left:15px;padding-bottom:10px;font-weight:700}
.post h2{font-size:140%;font-weight:600}
#credit,.Label li span,.center,.label-count,.post-labels,.postadsbottom{text-align:center}
.post h1 a,.post h1 a:visited,.post h1 strong,.post h2 a,.post h2 a:visited,.post h2 strong{display:block;text-decoration:none;color:#333}
.post h1 a:hover,.post h1 strong,.post h2 a:hover,.post h2 strong{color:#aaa}
.post-body{padding:15px;font-size:15px;line-height:1.8em;color:#444;margin:40px 0 .75em}
.post amp-img{max-width:100%;height:auto;padding:.1em;margin:0 auto}
#header2 am--img,.sidebar amp-img{max-width:100%;width:auto;border:0;max-height:100%}

.postadstop {display:inline-block;width:auto;height:auto;margin:0 15px 15px 0;float:left}
.postadsbottom{display:block;width:100%;height:auto;margin:20px auto;text-align:center}
.postadstop amp-img{width:100%;max-width:300px;height:auto}
.postadsbottom amp-img{width:100%;max-width:728px;height:auto}
.postadstop span, .postadsbottom span{font-size:12px;font-weight:400;color:#555;text-align:center;margin:0 auto 5px;display:block}

.postage a{background:#ff4d11;display:inline-block;text-decoration:none;font-size:9px;padding:0 7px;line-height:18px;color:#fff;border-radius:2px;cursor:pointer}
.postage{margin:15px 0}.postage i{font-size:24px;margin-top:2px;color:#30C57D}
.postag a:hover{background:#111;color:#fff}
.postag a{display:inline-block;margin-bottom:-14px;text-decoration:none;font-size:11px;text-transform:uppercase;cursor:pointer}
.postag a:hover{background:0;color:#555}
.privacy{font:normal normal 11px/normal Tahoma,Verdana,Arial,Sans-Serif;display:block;margin:10px 1px;padding:10px;background-color:#fff2cb}

.sidebarleft-wrapper,#blog-pager{display:none}
.sidebar-wrapper{width:300px;float:right;word-wrap:break-word;overflow:hidden}
.sidebar h2{background:#444;color:#fff;font-size:14px;top:0;margin:0;padding:8px 0 8px 13px;text-transform:uppercase}
.sidebar{color:#111;line-height:1em;margin:5px 0}
.sidebar li{line-height:1.5em;margin:0;padding:5px 0 4px}
.sidebar li:last-child{background:0 0}
.sidebar .widget{margin:10px 0 10px 0;padding:0}
.sidebar .widget-content{margin:0 auto;padding:0}
.sidebar a:link,.sidebar a:visited{text-decoration:none;line-height:1.5em;font-weight:400}
.sidebar li a:hover{color:#aaa}
.sidebar ul{margin:0;padding:5px 0}

#footer{background:#fff;width:100%;padding:0;border-bottom:5px solid #FF4D3C;margin-top:50px}
#footer1{width:50%;margin:10px}
.footer-wrapper{color:#444;font-size:11px;height:100%;line-height:16px;overflow:hidden;padding:0}
.footer{float:left;width:22%;margin:10px}
.footer .widget{margin-bottom:20px;}
.footer h2{font-size:16px;text-align:left;padding:6px 0;text-transform:uppercase;color:#333;}
.footer .widget-content{line-height:16px}
.footer ul{list-style:none;color:#444;margin:0;padding:0}
.footer li{font-size:12px;color:#444;text-indent:0;line-height:1.3em;margin:0;padding:4px 0 5px 0;}
.footer a:link,.footer li a:visited{color:#444;text-decoration:none}
.footer li a:hover{color:#aaa}

#credit{background:#e9e9e9;font-size:11px;color:#777;width:100%;overflow:hidden;clear:both;padding:15px 0 15px 0;line-height:18px;text-align:center;text-transform:capitalize;position:relative}
#credit a{color:#999;text-decoration:none;}
#credit a:hover{color:#777;text-decoration:none}

#PopularPosts1 h2{background:#1a1a1a}
.PopularPosts .widget-content{padding:0;box-sizing:border-box}
.PopularPosts .widget-content ul{width:100%;padding:0;list-style-type:none;background:#1a1a1a}
.PopularPosts .widget-content ul li{margin:0;padding:10px 0 10px 60px;position:relative;overflow:hidden;border-top:1px solid #444;}
.PopularPosts .widget-content ul li:last-child{border-bottom:none}
.PopularPosts .widget-content ul li .item-title{color:#fff;line-height:1.1em;padding:0 10px 0 0}
.PopularPosts .widget-content ul li .item-title a{text-decoration:none;font-size:15px;font-weight:400}
.PopularPosts .item-snippet{font-size:14px;font-weight:400;margin-top:10px;line-height:1.1em}
.PopularPosts .widget-content ul li amp-img{width:300px;height:180px;padding-right:0;transition:all .5s ease-out}
.PopularPosts .widget-content ul li:first-child{border-bottom:none;padding:0}
.PopularPosts .widget-content ul li:first-child .item-thumbnail{margin:0;width:100%;height:180px;overflow:hidden;display:block}
.PopularPosts .widget-content ul li:first-child .item-title{position:absolute;left:0;right:0;bottom:0;text-align:left;padding:15px 20px 15px 60px;background:rgba(0,0,0,.7);z-index:1}
.PopularPosts .widget-content ul li:first-child .item-title a{color:#fff}
.PopularPosts .item-snippet,.PopularPosts .widget-content ul li .item-thumbnail{display:none}
.PopularPosts .widget-content ul{padding-left:0;counter-reset:popcount}
.PopularPosts .widget-content ul li .item-title:before{list-style-type:none;padding:0;counter-increment:popcount;content:counter(popcount);position:absolute;left:10px;top:50%;margin-top:-19px;color:#fff;font-size:38px;line-height:1;z-index:2}
.sidebar .PopularPosts .item-title a{color:#fff;text-decoration:none}
.PopularPosts .widget-content ul li:first-child .item-title:before{color:#fff}

.post-meta,.post-meta a{font-size:9px;color:#777}
.post-meta{width:100%;display:block;text-align:left;padding-left:15px}
.post-meta a{text-decoration:none;text-transform:normal}
.post-meta a:hover{color:#aaa}
.post-meta-span{padding-right:15px;padding-left:5px;margin-bottom:-6px;font-weight:700}
.post-meta-left{float:right;padding-left:5px;border-radius:5px;padding-right:10px}
.postsocial {
    float: left;
    vertical-align: middle;
    margin-left: 15px;
    margin-top: -10px;
}
.meta-author{display:none}

amp-social-share[type=&quot;facebook&quot;],amp-social-share[type=&quot;gplus&quot;],amp-social-share[type=&quot;linkedin&quot;],amp-social-share[type=&quot;pinterest&quot;],amp-social-share[type=&quot;twitter&quot;]{border-radius:2px;background-size:18px 18px;transition:all .4s ease-out}
.label-size{position:relative;display:block;width:100%;min-width:100%}
amp-social-share[type=&quot;twitter&quot;]{background-color:#55acee}
amp-social-share[type=&quot;gplus&quot;]{background-color:#dc4e41}
amp-social-share[type=&quot;facebook&quot;]{background-color:#3b5998}
amp-social-share[type=&quot;linkedin&quot;]{background-color:#0077b5}
amp-social-share[type=&quot;pinterest&quot;]{background-color:#bd081c}
a.color-label{font-size:15px;font-weight:700;background:#fff;padding:5px 10px;border-radius:3px;color:#555;text-decoration:none;margin-bottom:15px;transition:all .4s ease-out}
a:hover.color-label{background:#0379c4;color:#fff}
.post-labels{position:absolute;width:92%;margin:-265px auto 0}
pre {padding:.5em 1em;margin:1.3em 0;white-space:pre;word-wrap:normal;overflow:auto;background-color:#0F0F0F;font-size:12px;clear:both;color:#84999b;}
pre code {display: block; padding: 0.5em;color: #839496;line-height:1.4em;}
code {color: #E75F36;line-height:1.4em;}

/* Mobile */
@media screen and (max-width: 1024px){
.main-wrapper{margin-left:0;width:69%;}
}
@media screen and (max-width: 800px){
.content-wrapper{position:relative;width:100%;margin:0 auto}
.main-wrapper{margin-left:0;width:100%;}
#menu{width:100%}
#menu{position:relative}
#menu ul{background:#DF4E41;position:absolute;top:100%;left:0;z-index:3;height:auto;display:none;width:100%;}
#menu ul.menus{width:100%;position:static;padding-left:20px;border:none;}
#menu li{display:block;float:none;width:auto;}
#menu input,#menu label{position:absolute;top:12px;left:0;display:block}
#menu input{z-index:4}
#menu input:checked + label{color:#111}
#menu input:checked ~ ul{display:block}
#menu a {
    display: block;
    line-height: 42px;
    padding: 0 14px;
    text-decoration: none;
    color: #fff;
}
#sidebar-left{display:none}
.sidebar-wrapper{width:100%;margin:0 auto;}
}
@media screen and (max-width: 760px){
.outer-wrapper{padding:0}
.main-wrapper{margin-right:0;width:100%;min-height:0}
.footer{width:auto;margin:15px}
}
@media screen and (max-width: 480px){
#header img{width:100%}
.search-wrapper,#search-box{width:100%;height:73px;}
.post{padding-bottom:10px}
.post h1,.post h2{font-size:25px}
.footer .widget{margin-left:10px}
#footer1,.footer .widget-content,.footer{float:none;width:100%;margin:0 auto;}
}
@media screen and (max-width: 240px){
#header amp-img{border:0 none;background:none;max-width:95%;height:auto;margin:0 auto}
}
</style>
  </b:if>
<b:if cond='data:blog.pageType == &quot;static_page&quot;'>
<style amp-custom='amp-custom'>
@font-face {
  font-family: &#39;Poppins&#39;;
  font-style: normal;
  font-weight: 400;
  src: local(&#39;Poppins&#39;), local(&#39;Poppins-Regular&#39;), url(https://fonts.gstatic.com/s/poppins/v1/HLBysyo0MQBO_7E-DWLwzg.woff2) format(&#39;woff2&#39;);
}
@font-face {
  font-family: &#39;Poppins&#39;;
  font-style: normal;
  font-weight: 500;
  src: local(&#39;Poppins Medium&#39;), local(&#39;Poppins-Medium&#39;), url(https://fonts.gstatic.com/s/poppins/v1/yQWaOD4iNU5NTY0apN-qj_k_vArhqVIZ0nv9q090hN8.woff2) format(&#39;woff2&#39;);
}
/* latin */
@font-face {
  font-family: &#39;Poppins&#39;;
  font-style: normal;
  font-weight: 600;
  src: local(&#39;Poppins SemiBold&#39;), local(&#39;Poppins-SemiBold&#39;), url(https://fonts.gstatic.com/s/poppins/v1/zO07Oxe3SOlw0l2YX2sdIfk_vArhqVIZ0nv9q090hN8.woff2) format(&#39;woff2&#39;);
}
@font-face {
  font-family: &#39;Poppins&#39;;
  font-style: normal;
  font-weight: 700;
  src: local(&#39;Poppins Bold&#39;), local(&#39;Poppins-Bold&#39;), url(https://fonts.gstatic.com/s/poppins/v1/57TQ-anwthzkETEIO4jESPk_vArhqVIZ0nv9q090hN8.woff2) format(&#39;woff2&#39;);
}
/* Material Icon */
@font-face {
  font-family: &#39;Material Icons&#39;;
  font-style: normal;
  font-weight: 400;
  src: local(&#39;Material Icons&#39;), local(&#39;MaterialIcons-Regular&#39;), url(https://fonts.gstatic.com/s/materialicons/v12/2fcrYFNaTjcS6g4U3t-Y5ewrjPiaoEww8AihgqWRJAo.woff) format(&#39;woff&#39;), url(https://fonts.gstatic.com/s/materialicons/v12/2fcrYFNaTjcS6g4U3t-Y5ZjZjT5FdEJ140U2DJYC3mY.woff2) format(&#39;woff2&#39;), url(https://fonts.gstatic.com/s/materialicons/v12/2fcrYFNaTjcS6g4U3t-Y5bbKic1PW3nceB3q24YFOMg.ttf) format(&#39;truetype&#39;);
}
.material-icons {font-family: &#39;Material Icons&#39;;font-weight:normal;font-style:normal;font-size:inherit;display:inline-block;line-height:1;text-transform:none;letter-spacing:normal;word-wrap:normal;white-space:nowrap;direction:ltr;vertical-align:middle;}

/* Framwork */
#navbar-iframe,.quickedit{height:0;visibility:hidden;display:none}
body{background:#E9E9E9;font-family: &#39;Poppins&#39;, sans-serif;font-size:13.6px;font-weight:400;line-height:22px;text-decoration:none}
a,a:link,a:visited{color:#FF4D3C;text-decoration:none}
a:active,a:hover{color:#111;text-decoration:none}
.Navtop ul li a,.search-form{font-weight:400;text-transform:uppercase}
#header h1,#header p,.Navtop ul li a,.search-form{text-transform:uppercase}
#credit,.clear{clear:both}

#menu{background:#fff;height:42px;margin:0 auto;border-top:4px solid #FF4D3C}
#menu ul,#menu li{margin:0 auto;padding:0 0;list-style:none}
#menu ul{height:42px;width:1024px}
.li-home{background:#f50;}
.li-home a{font-size:22px;}
#menu li{float:left;display:inline;position:relative;font-size:14px;color:#111;font-weight:600;text-transform:uppercase;}
#menu a{display:block;line-height:42px;padding:0 14px;text-decoration:none;color:#111}
#menu li a:hover {color:#fff;background-color:#FF4D3C;transition: all 0.3s ease-in;}
#menu input{display:none;margin:0 0;padding:0 0;width:80px;height:30px;opacity:0;cursor:pointer}
#menu label{font-size:20px;display:none;width:35px;height:20px;line-height:20px;text-align:center;color:#111}
#menu label span{font-size:14px;position:absolute;left:35px;}
#menu ul.menus{height:auto;overflow:hidden;width:180px;background:#FF4D3C;position:absolute;z-index:99;display:none;left:0;}
#menu ul.menus li{display:block;width:100%;font-size:13px;text-transform:none;text-shadow:none}
#menu ul.menus a{color:#fff;text-transform:uppercase}
#menu li:hover ul.menus{display:block}
#menu a.sub{padding:0 27px 0 14px}
#menu a.sub::after{content:&quot;&quot;;width:0;height:0;}
#menu ul.menus a:hover{background:#DF4E41;color:#fff}

.search-wrapper{height:60px;float:right;display:inline;padding:0}
#header .description,#items-thumbnail,#items-thumbnail amp-img,.breadcrumbs,.thumbamp,h2.date-header{display:none}
#search-box{width:190px;height:50px;float:right;padding:0;margin:0;position:relative}
#search-box form{border:0;line-height:60px}
.search-button,.search-form{line-height:60px;border:0;height:60px;margin:0}
.search-form{background:#646464;color:gray;width:100%;padding-left:20px;font-size:12px;letter-spacing:1px;font-weight:400;box-sizing:border-box}
.search-button{background:#FF4D3C;width:40px;text-align:center;top:0;right:0;font-size:25px;color:#fff;position:absolute;border-radius:0;text-shadow:none;box-shadow:none}
.search-button:focus,.search-button:hover,.search-form:focus,.search-form:hover{border:0;outline:0;color:#000}

.header-wrapper{background:#1a1a1a;width:100%;height:60px;position:relative;z-index:999;overflow:hidden}
#header{background:#FF4D3C;height:60px;float:left;width:auto;overflow:hidden;z-index:999;margin:0;padding:0}
#header-inner{margin:5px;width:150px;padding:0}
#header-inner a{color:#fff}
#header h1{margin:0;padding:0;font-size:140%;float:left;color:#212121;line-height:60px}
#header amp-img{margin-top:-5px;margin-right:0;height:auto;width:auto;vertical-align:middle}

.Navtop{float:right;width:auto;height:auto;padding:0;margin:0}
.Navtop ul{margin:0 auto;padding:0;line-height:3em}
.Navtop ul li{display:inline-block;margin:0 auto;padding-top:8px}
.Navtop ul li a:hover{color:#fff;background:#FF4D3C}
.Navtop ul li a{color:#646464;padding:39px 15px;font-size:25px;font-weight:400;margin-top:0;margin-left:-4px}
h2,h3.date-header{text-transform:none}

.outerpic-wrapper{width:100%;padding:0;overflow:hidden}
.content-wrapper{position:relative;max-width:1024px;margin-left:135px}
.outer-wrapper{position:relative;width:100%;padding:0;margin:0 auto}
.main-wrapper{width:100%;margin:0;float:left;word-wrap:break-word;overflow:hidden}

h3.date-header{text-transform:none;font:400 12px Arial;color:#666;line-height:1.2em;margin:.1em 0}
.post{margin:10px 0;padding:0;background:#fff}
.post h1,.post h2{font-size:200%;line-height:1.5em;color:#111;margin:0;padding-top:15px;padding-left:15px;padding-bottom:10px;font-weight:700;text-align:center}
.post h1 a,.post h1 a:visited,.post h1 strong,.post h2 a,.post h2 a:visited,.post h2 strong{display:block;text-decoration:none;color:#333}
.post h1 a:hover,.post h1 strong,.post h2 a:hover,.post h2 strong{color:#aaa}
.post-body{padding:15px;font-size:16px;line-height:1.7em;color:#444;margin:40px 0 .75em}
.postadstop{display:inline-block;width:auto;height:auto;margin:0 15px 15px 0;float:left}
.postadsbottom{display:block;width:100%;height:auto;margin:20px auto;text-align:center}
.postadstop amp-img{width:100%;max-width:300px;height:auto}
.postadsbottom amp-img{width:100%;max-width:728px;height:auto}
.postadsbottom span,.postadstop span{font-size:12px;font-weight:400;color:#555;text-align:center;margin:0 auto 5px;display:block}

.sidebar-wrapper,.sidebarleft,#blog-pager,#footer{display:none}
#credit{background:#e9e9e9;font-size:11px;color:#777;width:100%;overflow:hidden;clear:both;padding:15px 0 15px 0;line-height:18px;text-align:center;text-transform:capitalize;position:relative}
#credit a{color:#999;text-decoration:none;}
#credit a:hover{color:#777;text-decoration:none}

/* Mobile */
@media screen and (max-width:1024px){
.header-wrapper{width:100%}
.main-wrapper{width:100%;}
.post h1,.post h2{padding-right:15px}
}
@media screen and (max-width: 800px){
.content-wrapper{position:relative;width:100%;margin:0 auto}
.main-wrapper{margin-left:0;width:100%;}
#menu{width:100%}
#menu{position:relative}
#menu ul{background:#DF4E41;position:absolute;top:100%;left:0;z-index:3;height:auto;display:none;width:100%;}
#menu ul.menus{width:100%;position:static;padding-left:20px;border:none;}
#menu li{display:block;float:none;width:auto;}
#menu input,#menu label{position:absolute;top:12px;left:0;display:block}
#menu input{z-index:4}
#menu input:checked + label{color:#111}
#menu input:checked ~ ul{display:block}
#menu a {
    display: block;
    line-height: 42px;
    padding: 0 14px;
    text-decoration: none;
    color: #fff;
}
#sidebar-left{display:none}
}
@media screen and (max-width: 760px){
.outer-wrapper{padding:0}
#header2{text-align:center;width:100%}
.main-wrapper{margin-right:0;width:100%;min-height:0}
}
@media screen and (max-width: 480px){
.search-wrapper,#search-box{width:100%;height:73px;}
.thumbnail-area,.thumbnailjpg{display:none}
.summary,.postag a,.post h1,.post h2{padding-left:20px;padding-right:15px}
.post{padding-bottom:10px}
}
@media screen and (max-width: 240px){
#header amp-img{border:0 none;background:none;max-width:95%;height:auto;margin:0 auto}
}
</style>
  </b:if>

<style amp-boilerplate='amp-boilerplate'>
body{-webkit-animation:-amp-start 8s steps(1,end) 0s 1 normal both;-moz-animation:-amp-start 8s steps(1,end) 0s 1 normal both;-ms-animation:-amp-start 8s steps(1,end) 0s 1 normal both;animation:-amp-start 8s steps(1,end) 0s 1 normal both}@-webkit-keyframes -amp-start{from{visibility:hidden}to{visibility:visible}}@-moz-keyframes -amp-start{from{visibility:hidden}to{visibility:visible}}@-ms-keyframes -amp-start{from{visibility:hidden}to{visibility:visible}}@-o-keyframes -amp-start{from{visibility:hidden}to{visibility:visible}}@keyframes -amp-start{from{visibility:hidden}to{visibility:visible}}</style><noscript><style amp-boilerplate='amp-boilerplate'>body{-webkit-animation:none;-moz-animation:none;-ms-animation:none;animation:none}</style></noscript>
<script async='async' src='https://cdn.ampproject.org/v0.js'/>
<script async='async' custom-element='amp-form' src='https://cdn.ampproject.org/v0/amp-form-0.1.js'/>
<script async='async' custom-element='amp-social-share' src='https://cdn.ampproject.org/v0/amp-social-share-0.1.js'/>
<script async='async' custom-element='amp-iframe' src='https://cdn.ampproject.org/v0/amp-iframe-0.1.js'/>
<script async='async' custom-element='amp-youtube' src='https://cdn.ampproject.org/v0/amp-youtube-0.1.js'/>
<!-- AMP Analytics --><script async='async' custom-element='amp-analytics' src='https://cdn.ampproject.org/v0/amp-analytics-0.1.js'/>
&lt;/head&gt;&lt;!--<head/>--&gt;
<body itemscope='itemscope' itemtype='http://schema.org/WebPage'>
 <amp-analytics id='analytics1' type='googleanalytics'>
<script type='application/json'>
{
  &quot;vars&quot;: {
    &quot;account&quot;: &quot;UA-88072774-1&quot;
  },
  &quot;triggers&quot;: {
    &quot;trackPageview&quot;: {
      &quot;on&quot;: &quot;visible&quot;,
      &quot;request&quot;: &quot;pageview&quot;
    }
  }
}
</script>
</amp-analytics>
<div class='content-wrapper'>
<header itemprop='mainEntity' itemscope='itemscope' itemtype='http://schema.org/WPHeader'>
             <div class='header-wrapper'>
                 <b:section class='header' id='header' maxwidgets='1' showaddelement='yes'>
                   <b:widget id='Header1' locked='true' title='AMPNEWS (Header)' type='Header' version='1'>
                     <b:widget-settings>
                       <b:widget-setting name='displayUrl'/>
                       <b:widget-setting name='displayHeight'>0</b:widget-setting>
                       <b:widget-setting name='sectionWidth'>-1</b:widget-setting>
                       <b:widget-setting name='useImage'>false</b:widget-setting>
                       <b:widget-setting name='shrinkToFit'>false</b:widget-setting>
                       <b:widget-setting name='imagePlacement'>BEHIND</b:widget-setting>
                       <b:widget-setting name='displayWidth'>0</b:widget-setting>
                     </b:widget-settings>
                     <b:includable id='main'>
    <div id='header-inner'>
      <div class='titlewrapper'>
        <b:if cond='data:blog.pageType != &quot;item&quot;'>
        <h1 class='title' itemprop='headline'>
<b:include name='title'/>
        </h1>
<b:else/>
        <p class='title' itemprop='headline'>
          <b:include name='title'/>
        </p>
</b:if>
      </div><b:include name='description'/>
    </div>
</b:includable>
                     <b:includable id='description'>
  <div class='descriptionwrapper'>
    <p class='description' itemprop='description'><span><data:description/></span></p>
  </div>
</b:includable>
                     <b:includable id='title'>
    <a expr:href='data:blog.homepageUrl' expr:title='data:title' itemprop='url'><span itemprop='name'><amp-img alt='Logo' expr:title='data:title' height='30' src='https://2.bp.blogspot.com/-UqjOF3lpRdI/WETA3WDbMqI/AAAAAAAACXA/3Th3RMJeTiUyQnhOqj95_ZPVGbAAIQnPwCLcB/s1600/icon.png' width='30'/> <data:title/></span></a>
</b:includable>
                   </b:widget>
                 </b:section>
<div itemprop='mainEntity' itemscope='itemscope' itemtype='http://schema.org/WebSite'>
<div class='search-wrapper'>
<div id='search-box'>
<div itemprop='mainEntity' itemscope='itemscope' itemtype='http://schema.org/WebSite'>
<form action='/search' itemprop='potentialAction' itemscope='itemscope' itemtype='http://schema.org/SearchAction' method='get' target='_blank'>
<meta content='/search?q={q}' itemprop='target'/>
<input class='search-form' id='feed-q-input' itemprop='query-input' name='q' placeholder='Search' required='required' type='text'/>
<button class='search-button' title='Search' type='submit'><i class='material-icons'>&#59574;</i></button>
</form></div></div></div></div>
<div class='mobile-hide'>
<nav class='Navtop' itemprop='mainEntity' itemscope='itemscope' itemtype='http://schema.org/SiteNavigationElement'>
<ul>
<li><a href='#' itemprop='url' title='About'><span itemprop='name'><i class='material-icons'>&#59516;</i></span></a></li>
<li><a href='#' itemprop='url' title='Contact'><span itemprop='name'><i class='material-icons'>&#57552;</i></span></a></li>
<li><a href='#' itemprop='url' title='Privacy'><span itemprop='name'><i class='material-icons'>&#58334;</i></span></a></li>
<li><a href='https://cdn.rawgit.com/bloglagioke/blog/master/mysitemap.html' itemprop='url' target='_blank' title='Sitemap'><span itemprop='name'><i class='material-icons'>&#59507;</i></span></a></li>
<li><a class='fbgroup' href='#' itemprop='url' title='Advertise'><span itemprop='name'><i class='material-icons'>&#59505;</i></span></a></li>
</ul>
</nav>
</div>
</div></header><!-- end header-wrapper -->
<nav id='menu'>
<input type='checkbox'/>
<label><i class='material-icons'>&#59632;</i><span>MENU</span></label>
<ul>
<li><a href='/'>Home</a></li>
<li><a href='#'>Artis</a></li>
<li><a class='sub' href='#'>Film</a>
<ul class='menus'>
 <li><a href='#'>Asia</a></li>
 <li><a href='#'>Bollywood</a></li>
 <li><a href='#'>Hollywood</a></li>
</ul>
</li>
<li><a href='#'>Healt</a></li>
<li><a class='sub' href='#'>Music</a>
<ul class='menus'>
 <li><a href='#'>Bollywood</a></li>
 <li><a href='#'>Hollywood</a></li>
</ul>
</li>
<li><a href='#'>Video</a></li>
<li><a href='#'>Photo</a></li>
<li><a href='#'>Healt</a></li>
<li><a href='#'>Profil</a></li>
       </ul>
    </nav>
<div class='clear'/>
	        <div class='outerpic-wrapper'>
	        <div class='outer-wrapper'>
<div class='sidebarleft-wrapper'>
<b:section class='sidebarleft' id='sidebarleft' preferred='yes'>
  <b:widget id='Label1' locked='false' mobile='yes' title='Label' type='Label' version='1'>
    <b:widget-settings>
      <b:widget-setting name='sorting'>ALPHA</b:widget-setting>
      <b:widget-setting name='display'>LIST</b:widget-setting>
      <b:widget-setting name='selectedLabelsList'/>
      <b:widget-setting name='showType'>ALL</b:widget-setting>
      <b:widget-setting name='showFreqNumbers'>false</b:widget-setting>
    </b:widget-settings>
    <b:includable id='main'>
        <b:if cond='data:title'>
       <h2><data:title/></h2>
        </b:if>
        <div expr:class='&quot;widget-content &quot; + data:display + &quot;-label-widget-content&quot;'>
       <b:if cond='data:display == &quot;list&quot;'>
         <ul><b:loop values='data:labels' var='label'> <li><b:if cond='data:blog.url == data:label.url'><span expr:dir='data:blog.languageDirection'><data:label.name/></span><b:else/><a expr:dir='data:blog.languageDirection' expr:href='data:label.url + &quot;?&amp;amp;max-results=8&quot;' expr:title='data:label.name'><data:label.name/></a></b:if><b:if cond='data:showFreqNumbers'><span dir='ltr'>(<data:label.count/>)</span></b:if></li></b:loop></ul>
       <b:else/>
         <b:loop values='data:labels' var='label'>
        <span expr:class='&quot;label-size label-size-&quot; + data:label.cssSize'>
          <b:if cond='data:blog.url == data:label.url'>
         <span expr:dir='data:blog.languageDirection'><data:label.name/></span>
          <b:else/>
         <a expr:dir='data:blog.languageDirection' expr:href='data:label.url'><data:label.name/></a>
          </b:if>
          <b:if cond='data:showFreqNumbers'>
         <span class='label-count' dir='ltr'>(<data:label.count/>)</span>
          </b:if>
        </span>
         </b:loop>
       </b:if>
        </div>
      </b:includable>
  </b:widget>
</b:section>
</div>
	 <div itemscope='itemscope' itemtype='http://schema.org/Blog'>
<div class='main-wrapper'>
        <b:section class='main' id='main' showaddelement='no'>
          <b:widget id='Blog1' locked='true' title='Blog Posts' type='Blog' version='1'>
            <b:widget-settings>
              <b:widget-setting name='showDateHeader'>true</b:widget-setting>
              <b:widget-setting name='style.textcolor'>#000000</b:widget-setting>
              <b:widget-setting name='showShareButtons'>true</b:widget-setting>
              <b:widget-setting name='showCommentLink'>true</b:widget-setting>
              <b:widget-setting name='style.urlcolor'>#008000</b:widget-setting>
              <b:widget-setting name='showAuthor'>true</b:widget-setting>
              <b:widget-setting name='style.linkcolor'>#0000ff</b:widget-setting>
              <b:widget-setting name='style.unittype'>TextAndImage</b:widget-setting>
              <b:widget-setting name='style.bgcolor'>#ffffff</b:widget-setting>
              <b:widget-setting name='showAuthorProfile'>false</b:widget-setting>
              <b:widget-setting name='style.layout'>1x1</b:widget-setting>
              <b:widget-setting name='showLabels'>true</b:widget-setting>
              <b:widget-setting name='showLocation'>true</b:widget-setting>
              <b:widget-setting name='showTimestamp'>true</b:widget-setting>
              <b:widget-setting name='postsPerAd'>1</b:widget-setting>
              <b:widget-setting name='showBacklinks'>false</b:widget-setting>
              <b:widget-setting name='style.bordercolor'>#ffffff</b:widget-setting>
              <b:widget-setting name='showInlineAds'>false</b:widget-setting>
              <b:widget-setting name='showReactions'>false</b:widget-setting>
            </b:widget-settings>
            <b:includable id='main' var='top'>
<b:include data='posts' name='breadcrumb'/>
  <b:if cond='data:mobileindex'>
    <!-- mobile index -->
    <div class='blog-posts hfeed'>
      <b:loop values='data:posts' var='post'>
        <b:if cond='data:post.isFirstPost == &quot;false&quot;'>
          &lt;/div&gt;
        </b:if>
        &lt;div class=&quot;mobile-date-outer date-outer&quot;&gt;
        <div expr:onclick='data:post.indexOnclick'>
          <b:include data='post' name='mobile-index-post'/>
        </div>
        <b:if cond='data:post.trackLatency'>
          <data:post.latencyJs/>
        </b:if>
      </b:loop>
      <b:if cond='data:numPosts != 0'>
        &lt;/div&gt;
      </b:if>
    </div>
  <b:else/>
    <!-- posts -->
    <div class='blog-posts hfeed'>
      <b:include data='top' name='status-message'/>
      <data:defaultAdStart/>
      <b:loop values='data:posts' var='post'>
        <div class='post-outer'>
        <b:include data='post' name='post'/>
        <b:if cond='data:blog.pageType == &quot;static_page&quot;'>
          <b:if cond='data:post.showThreadedComments'>
            <b:include data='post' name='comments'/>
          <b:else/>
            <b:include data='post' name='comments'/>
          </b:if>
        </b:if>
        <b:if cond='data:blog.pageType == &quot;item&quot;'>
          <b:if cond='data:post.showThreadedComments'>
            <b:include data='post' name='comments'/>
          <b:else/>
            <b:include data='post' name='comments'/>
          </b:if>
        </b:if>
        </div>
        <b:if cond='data:post.includeAd'>
          <b:if cond='data:post.isFirstPost'>
            <data:defaultAdEnd/>
          <b:else/>
            <data:adEnd/>
          </b:if>
          <b:if cond='data:mobile == &quot;false&quot;'>
            <div class='inline-ad'>
              <data:adCode/>
            </div>
          </b:if>
          <data:adStart/>
        </b:if>
        <b:if cond='data:post.trackLatency'>
          <data:post.latencyJs/>
        </b:if>
      </b:loop>
      <data:adEnd/>
    </div>
  </b:if>
  <!-- navigation -->
  <b:if cond='data:mobile'>
    <b:include name='mobile-nextprev'/>
  <b:else/>
    <b:include name='nextprev'/>
    <!-- feed links -->
    <b:include name='feedLinks'/>
  </b:if>
</b:includable>
            <b:includable id='backlinkDeleteIcon' var='backlink'>
  <span expr:class='&quot;item-control &quot; + data:backlink.adminClass'>
    <a expr:href='data:backlink.deleteUrl' expr:title='data:top.deleteBacklinkMsg'>
      <img src='https://resources.blogblog.com/img/icon_delete13.gif'/>
    </a>
  </span>
</b:includable>
            <b:includable id='backlinks' var='post'>
  <a name='links'/><h4><data:post.backlinksLabel/></h4>
  <b:if cond='data:post.numBacklinks != 0'>
    <dl class='comments-block' id='comments-block'>
      <b:loop values='data:post.backlinks' var='backlink'>
        <div class='collapsed-backlink backlink-control'>
          <dt class='comment-title'>
            <span class='backlink-toggle-zippy'>&#160;</span>
            <a expr:href='data:backlink.url' rel='nofollow'><data:backlink.title/></a>
            <b:include data='backlink' name='backlinkDeleteIcon'/>
          </dt>
          <dd class='comment-body collapseable'>
            <data:backlink.snippet/>
          </dd>
          <dd class='comment-footer collapseable'>
            <span class='comment-author'><data:post.authorLabel/> <data:backlink.author/></span>
            <span class='comment-timestamp'><data:post.timestampLabel/> <data:backlink.timestamp/></span>
          </dd>
        </div>
      </b:loop>
    </dl>
  </b:if>
  <p class='comment-footer'>
    <a class='comment-link' expr:href='data:post.createLinkUrl' expr:id='data:widget.instanceId + &quot;_backlinks-create-link&quot;' target='_blank'><data:post.createLinkLabel/></a>
  </p>
</b:includable>
            <b:includable id='breadcrumb' var='posts'>
<b:if cond='data:blog.homepageUrl != data:blog.url and data:blog.pageType == &quot;item&quot;'>
<b:loop values='data:posts' var='post'>
<b:if cond='data:post.labels'>
<div class='breadcrumbs' id='breadcrumbs'>
<div id='bread-crumbs'>
<span itemscope='itemscope' itemtype='http://data-vocabulary.org/Breadcrumb'><a expr:href='data:blog.homepageUrl' itemprop='url' title='Home'><span itemprop='title'><i class='material-icons breadcrumbs-icon'>&#59530;</i> Home&amp;nbsp;</span></a></span>&amp;nbsp;<i class='material-icons breadcrumbs-icon'>&#58133;</i>
<b:loop values='data:post.labels' var='label'>
<span itemscope='itemscope' itemtype='http://data-vocabulary.org/Breadcrumb'><a expr:href='data:label.url + &quot;?max-results=15&quot;' expr:title='data:label.name' itemprop='url'><span itemprop='title'><data:label.name/></span></a><b:if cond='data:label.isLast != &quot;true&quot;'> <i class='material-icons breadcrumbs-icon'>&#58133;</i> </b:if></span>
</b:loop>
 <i class='material-icons breadcrumbs-icon'>&#58133;</i> <span><data:post.title/></span>
</div></div>
</b:if>
</b:loop>
</b:if>
</b:includable>
            <b:includable id='comment-form' var='post'/>
            <b:includable id='commentDeleteIcon' var='comment'/>
            <b:includable id='comment_count_picker' var='post'/>
            <b:includable id='comment_picker' var='post'/>
            <b:includable id='comments' var='post'>
<b:if cond='data:blog.pageType != &quot;static_page&quot;'>
<amp-iframe expr:src='&quot;https://cdn.rawgit.com/MDCSite/mdc/master/disqusamp.html?shortname=BLagioke&amp;url=&quot; + data:blog.canonicalUrl' frameborder='0' height='300' layout='responsive' resizable='resizable' sandbox='allow-scripts allow-same-origin allow-modals allow-popups' width='600'>
<div aria-label='Disqus Comments' overflow='' role='button' tabindex='0'>Disqus Comments</div>
                      </amp-iframe></b:if></b:includable>
            <b:includable id='feedLinks'>
  <b:if cond='data:blog.pageType != &quot;item&quot;'> <!-- Blog feed links -->
    <b:if cond='data:feedLinks'>
      <div class='blog-feeds'>
        <b:include data='feedLinks' name='feedLinksBody'/>
      </div>
    </b:if>

    <b:else/> <!--Post feed links -->
    <div class='post-feeds'>
      <b:loop values='data:posts' var='post'>
        <b:if cond='data:post.allowComments'>
          <b:if cond='data:post.feedLinks'>
            <b:include data='post.feedLinks' name='feedLinksBody'/>
          </b:if>
        </b:if>
      </b:loop>
    </div>
  </b:if>
</b:includable>
            <b:includable id='feedLinksBody' var='links'>
</b:includable>
            <b:includable id='iframe_comments' var='post'>

  <b:if cond='data:post.allowIframeComments'>
    <script expr:src='data:post.iframeCommentSrc'/>
    <div class='cmt_iframe_holder' expr:data-href='data:post.canonicalUrl' expr:data-viewtype='data:post.viewType'/>

    <b:if cond='data:post.embedCommentForm == &quot;false&quot;'>
      <a expr:href='data:post.addCommentUrl' expr:onclick='data:post.addCommentOnclick'><data:postCommentMsg/></a>
    </b:if>
  </b:if>
</b:includable>
            <b:includable id='mobile-index-post' var='post'>
  <div class='mobile-date-outer date-outer'>
    <b:if cond='data:post.dateHeader'>
      <div class='date-header'>
        <span><data:post.dateHeader/></span>
      </div>
    </b:if>
    <div class='mobile-post-outer'>
      <a expr:href='data:post.url'>
        <h3 class='mobile-index-title entry-title'>
          <data:post.title/>
        </h3>
        <div class='mobile-index-arrow'>&amp;rsaquo;</div>
        <div class='mobile-index-contents'>
          <b:if cond='data:post.thumbnailUrl'>
            <div class='mobile-index-thumbnail'>
              <div class='Image'>
                <img expr:src='data:post.thumbnailUrl'/>
              </div>
            </div>
          </b:if>
          <div class='post-body'>
            <b:if cond='data:post.snippet'><data:post.snippet/></b:if>
          </div>
        </div>
        <div class='clear'/>
      </a>
      <div class='mobile-index-comment'>
        <b:if cond='data:blog.pageType != &quot;static_page&quot;'>
          <b:if cond='data:post.allowComments'>
            <b:if cond='data:post.numComments != 0'>
              <a class='comment-link' expr:href='data:post.addCommentUrl' expr:onclick='data:post.addCommentOnclick'><b:if cond='data:post.numComments == 1'>1 <data:top.commentLabel/><b:else/><data:post.numComments/> <data:top.commentLabelPlural/></b:if></a>
            </b:if>
          </b:if>
        </b:if>
      </div>
    </div>
  </div>
</b:includable>
            <b:includable id='mobile-main' var='top'>
    <!-- posts -->
    <div class='blog-posts hfeed'>

      <b:include data='top' name='status-message'/>

      <b:if cond='data:blog.pageType == &quot;index&quot;'>
        <b:loop values='data:posts' var='post'>
          <b:include data='post' name='mobile-index-post'/>
        </b:loop>
      <b:else/>
        <b:loop values='data:posts' var='post'>
          <b:include data='post' name='mobile-post'/>
        </b:loop>
      </b:if>
    </div>

   <b:include name='mobile-nextprev'/>
</b:includable>
            <b:includable id='mobile-nextprev'>
  <div class='blog-pager' id='blog-pager'>
    <b:if cond='data:newerPageUrl'>
      <div class='mobile-link-button' id='blog-pager-newer-link'>
      <a class='blog-pager-newer-link' expr:href='data:newerPageUrl' expr:id='data:widget.instanceId + &quot;_blog-pager-newer-link&quot;' expr:title='data:newerPageTitle'>&amp;lsaquo;</a>
      </div>
    </b:if>

    <b:if cond='data:olderPageUrl'>
      <div class='mobile-link-button' id='blog-pager-older-link'>
      <a class='blog-pager-older-link' expr:href='data:olderPageUrl' expr:id='data:widget.instanceId + &quot;_blog-pager-older-link&quot;' expr:title='data:olderPageTitle'>&amp;rsaquo;</a>
      </div>
    </b:if>

    <div class='mobile-link-button' id='blog-pager-home-link'>
    <a class='home-link' expr:href='data:blog.homepageUrl'><data:homeMsg/></a>
    </div>

    <div class='mobile-desktop-link'>
      <a class='home-link' expr:href='data:desktopLinkUrl'><data:desktopLinkMsg/></a>
    </div>

  </div>
  <div class='clear'/>
</b:includable>
            <b:includable id='mobile-post' var='post'>
  <div class='date-outer'>
    <b:if cond='data:post.dateHeader'>
      <h2 class='date-header'><span><data:post.dateHeader/></span></h2>
    </b:if>
    <div class='date-posts'>
      <div class='post-outer'>

        <div class='post hentry uncustomized-post-template'>
<b:if cond='data:blog.pageType != &quot;item&quot;'>
<b:if cond='data:post.title'>
<h2 class='post-title entry-title'>
<b:if cond='data:post.link'>
<a expr:href='data:post.link' expr:title='data:post.title'><data:post.title/></a>
<b:else/>
<b:if cond='data:post.url'>
<a expr:href='data:post.url' expr:title='data:post.title'><data:post.title/></a>
<b:else/>
<data:post.title/>
</b:if>
</b:if>
</h2>
</b:if>
<b:else/>
<h1 class='post-title entry-title'>
<b:if cond='data:post.link'>
<a expr:href='data:post.link' expr:title='data:post.title'><data:post.title/></a>
<b:else/>
<b:if cond='data:post.url'>
<a expr:href='data:post.url' expr:title='data:post.title'><data:post.title/></a>
<b:else/>
<data:post.title/>
</b:if>
</b:if>
</h1>
</b:if>
          <div class='post-header'>
            <div class='post-header-line-1'/>
          </div>

          <div class='post-body entry-content' expr:id='&quot;post-body-&quot; + data:post.id'>
            <data:post.body/>
            <div class='clear'/> <!-- clear for photos floats -->
          </div>

          <div class='post-footer'>
            <div class='post-footer-line post-footer-line-1'>
            </div>

            <div class='post-footer-line post-footer-line-2'>
            </div>

          </div>
        </div>

        <b:if cond='data:blog.pageType == &quot;static_page&quot;'>
          <b:if cond='data:post.showThreadedComments'>
            <b:include data='post' name='threaded_comments'/>
          <b:else/>
            <b:include data='post' name='comments'/>
          </b:if>
        </b:if>
        <b:if cond='data:blog.pageType == &quot;item&quot;'>
          <b:if cond='data:post.showThreadedComments'>
            <b:include data='post' name='threaded_comments'/>
          <b:else/>
            <b:include data='post' name='comments'/>
          </b:if>
        </b:if>
      </div>
    </div>
  </div>
</b:includable>
            <b:includable id='nextprev'>
  <div class='blog-pager' id='blog-pager'>
    <b:if cond='data:newerPageUrl'>
      <span id='blog-pager-newer-link'>
      <a class='blog-pager-newer-link' expr:href='data:newerPageUrl' expr:id='data:widget.instanceId + &quot;_blog-pager-newer-link&quot;' expr:title='data:newerPageTitle'><i class='material-icons font-arrow'>&#58132;</i></a>
      </span>
    </b:if>

    <b:if cond='data:olderPageUrl'>
      <span id='blog-pager-older-link'>
      <a class='blog-pager-older-link' expr:href='data:olderPageUrl' expr:id='data:widget.instanceId + &quot;_blog-pager-older-link&quot;' expr:title='data:olderPageTitle'><i class='material-icons font-arrow'>&#58828;</i></a>
      </span>
    </b:if>

    <a class='home-link' expr:href='data:blog.homepageUrl'><data:homeMsg/></a>

    <b:if cond='data:mobileLinkUrl'>
      <div class='blog-mobile-link'>
        <a expr:href='data:mobileLinkUrl'><data:mobileLinkMsg/></a>
      </div>
    </b:if>

  </div>
  <div class='clear'/>
</b:includable>
            <b:includable id='post' var='post'>
  <article class='post hentry' itemscope='itemscope' itemtype='http://schema.org/Blog'>
    <b:if cond='data:post.firstImageUrl'>
      <meta expr:content='data:post.firstImageUrl' itemprop='image'/>
    <b:else/>
      <amp-img alt='thumbnail' class='thumbamp' height='393' itemprop='image' src='https://4.bp.blogspot.com/-B40MlR9y3gQ/WD0DYcyWG_I/AAAAAAAAAzw/shu9g0CdpT4LPHSfgGv4hrxWK9LtGCJaQCLcB/s1600/noimg.jpg' width='769'/>
    </b:if>
      <b:if cond='data:blog.pageType != &quot;static_page&quot;'>
  <b:if cond='data:blog.pageType != &quot;item&quot;'>
   <div class='_post-part thumbnail-area'>
<b:if cond='data:post.firstImageUrl'>
              <div class='thumbnailjpg'>
                <a expr:href='data:post.url'>
                  <amp-img expr:alt='data:post.title' expr:src='data:post.firstImageUrl' height='160' layout='responsive' width='200'/> 
                </a>
              </div>
              <b:else/>
              <div class='thumbnailjpg'>
                <a expr:href='data:post.url'>
              <amp-img expr:alt='data:post.title' expr:title='data:post.title' height='160' layout='responsive' src='https://4.bp.blogspot.com/-B40MlR9y3gQ/WD0DYcyWG_I/AAAAAAAAAzw/shu9g0CdpT4LPHSfgGv4hrxWK9LtGCJaQCLcB/s1600/noimg.jpg' width='200'/>
                           </a>
              </div>
            </b:if>
        </div>
  </b:if>
</b:if>
<b:if cond='data:blog.pageType == &quot;item&quot;'>
<div class='image-wrapper'>
	<div class='post-firstimage'>
		<b:if cond='data:blog.postImageUrl'>
            <div class='firstimage'>
                <amp-img expr:alt='data:post.title' expr:src='data:blog.postImageUrl' height='393' layout='responsive' width='769'/> 
                </div>
				<b:else/>
              <div class='firstimage'>
                <amp-img expr:alt='data:post.title' expr:title='data:post.title' height='393' layout='responsive' src='https://4.bp.blogspot.com/-B40MlR9y3gQ/WD0DYcyWG_I/AAAAAAAAAzw/shu9g0CdpT4LPHSfgGv4hrxWK9LtGCJaQCLcB/s1600/noimg.jpg' width='769'/>
                </div>
            </b:if>
        </div>
  </div>
</b:if>
<div class='post-inner'>
<b:if cond='data:blog.pageType != &quot;item&quot;'>
<b:if cond='data:post.title'>
<h2 class='post-title entry-title'>
<b:if cond='data:post.link'>
<a expr:href='data:post.link' expr:title='data:post.title'><data:post.title/></a>
<b:else/>
<b:if cond='data:post.url'>
<a expr:href='data:post.url' expr:title='data:post.title'><data:post.title/></a>
<b:else/>
<data:post.title/>
</b:if>
</b:if>
</h2>
</b:if>
<b:else/>
<h1 class='post-title entry-title'>
<b:if cond='data:post.link'>
<a expr:href='data:post.link' expr:title='data:post.title'><data:post.title/></a>
<b:else/>
<b:if cond='data:post.url'>
<a expr:href='data:post.url' expr:title='data:post.title'><data:post.title/></a>
<b:else/>
<data:post.title/>
</b:if>
</b:if>
</h1>
</b:if>
<!-- Post Meta -->
<b:if cond='data:blog.pageType == &quot;item&quot;'>
<b:include data='posts' name='breadcrumb'/>
          <div class='post-meta'>
<div class='post-meta-left'>
		   <div class='post-meta-span meta-author'>
		      <span class='post-author vcard'>
                <b:if cond='data:top.showAuthor'>
                  <b:if cond='data:post.authorProfileUrl'>
                    <span class='fn' itemprop='author' itemscope='itemscope' itemtype='http://schema.org/Person'>
                      <meta expr:content='data:post.authorProfileUrl' itemprop='url'/>
                      <a expr:href='data:post.authorProfileUrl' rel='author' title='author profile'>
                        <span itemprop='name'><data:post.author/></span>
                      </a>
                    </span>
                  <b:else/>
                    <span class='fn' itemprop='author' itemscope='itemscope' itemtype='http://schema.org/Person'>
                      <span itemprop='name'><data:post.author/></span>
                    </span>
                  </b:if>
                </b:if>
              </span>
		   </div>		   
		   <b:if cond='data:post.dateHeader'>
		   <div class='post-meta-span meta-date'>
             <span class='fa fa-calendar-check-o'/>	
		      <abbr class='updated published' expr:title='data:post.timestampISO8601' itemprop='datePublished'>
			  <data:post.dateHeader/>
			  </abbr>
		   </div>
		   </b:if>
  </div>
		</div>
  <div class='clear'/>
  </b:if>
  <div class='postsocial'>
    <amp-social-share height='35' type='twitter' width='35'/>
    <amp-social-share height='35' type='gplus' width='35'/>
    <amp-social-share height='35' type='pinterest' width='35'/>
    <amp-social-share height='35' type='linkedin' width='35'/>
    <amp-social-share data-param-app_id='100003793780919' height='35' type='facebook' width='35'/>
  </div>
<!-- Post Meta End -->
<b:if cond='data:blog.pageType != &quot;item&quot;'>
<div class='postag'>
<b:loop values='data:post.labels' var='label'><a expr:href='data:label.url + &quot;?&amp;max-results=8&quot;' expr:title='data:label.name' rel='tag'><data:label.name/></a><b:if cond='data:label.isLast != &quot;true&quot;'> </b:if></b:loop></div>
</b:if>
    <div class='post-header'>
    <div class='post-header-line-1'/>
    </div>
    <div class='post-body entry-content' expr:id='&quot;post-body-&quot; + data:post.id'>
<meta expr:content='data:blog.metaDescription' itemprop='description'/>
<b:if cond='data:blog.pageType != &quot;static_page&quot;'>
  <b:if cond='data:blog.pageType != &quot;item&quot;'>
    <div class='summary'>
      <data:post.snippet/>
    </div>
</b:if>
</b:if>
<b:if cond='data:blog.pageType == &quot;item&quot;'>
<div class='postadstop'>
  <span>Advertisemen</span>
<amp-img alt='Advertise' height='250' src='https://3.bp.blogspot.com/-Ve2VMH9HZUg/WDdBhYkLNUI/AAAAAAAACVo/1TKoYSlTnPkp2dWb9BmGOuikqtUo-gHKQCLcB/s1600/300x250-ads.png' width='300'/>
</div>
  <data:post.body/>
<div class='postadsbottom'>
  <span>Advertisemen</span>
<amp-img alt='Advertise' height='90' layout='responsive' src='https://1.bp.blogspot.com/-Z03fXH_n4uA/WDU7AFD4E8I/AAAAAAAACRg/1FSiCgYUJTgh8mJRE_XkTmxXlMy-AQaNQCLcB/s1600/banner728.gifg' width='728'/></div>
</b:if>
<b:if cond='data:blog.pageType == &quot;static_page&quot;'>
  <data:post.body/>
</b:if>
      <div class='clear'/> <!-- clear for photos floats -->
    </div>
</div>
  </article> 
<b:if cond='data:blog.pageType == &quot;item&quot;'>
<p class='postage'><i class='material-icons'>&#59568;</i><b:loop values='data:post.labels' var='label'><a expr:href='data:label.url + &quot;?&amp;max-results=8&quot;' expr:title='data:label.name' rel='tag'><data:label.name/></a><b:if cond='data:label.isLast != &quot;true&quot;'> </b:if></b:loop></p>
<div class='clear'/>
</b:if>
<div class='clear'/> 
<b:if cond='data:blog.pageType == &quot;item&quot;'>
<div class='privacy'>
<b>Disclaimer:</b> Gambar, artikel ataupun video yang ada di web ini terkadang berasal dari berbagai sumber media lain. Hak Cipta sepenuhnya dipegang oleh sumber tersebut. Jika ada masalah terkait hal ini, Anda dapat menghubungi kami <a href='/p/contact.html' target='_blank' title='Contact'>disini.</a></div>
<div class='clear'/>
<amp-iframe expr:src='&quot;https://cdn.rawgit.com/MDCSite/mdc/master/reltedamp.html?label=&quot; + data:label.name + &quot;&amp;url=&quot; + data:blog.homepageUrl' frameborder='0' height='370' layout='responsive' resizable='resizable' sandbox='allow-scripts allow-same-origin allow-modals allow-popups' width='650'>
    <div aria-label='Related Posts' overflow='' role='button' tabindex='0'>Related Posts</div>
   </amp-iframe>
</b:if>             
</b:includable>
            <b:includable id='postQuickEdit' var='post'>
  <b:if cond='data:post.editUrl'>
    <span expr:class='&quot;item-control &quot; + data:post.adminClass'>
      <a expr:href='data:post.editUrl' expr:title='data:top.editPostMsg'>
        <img alt='' class='icon-action' height='18' src='https://resources.blogblog.com/img/icon18_edit_allbkg.gif' width='18'/>
      </a>
    </span>
  </b:if>
</b:includable>
            <b:includable id='shareButtons' var='post'>
  <b:if cond='data:top.showEmailButton'><a class='goog-inline-block share-button sb-email' expr:href='data:post.sharePostUrl + &quot;&amp;target=email&quot;' expr:title='data:top.emailThisMsg' target='_blank'><span class='share-button-link-text'><data:top.emailThisMsg/></span></a></b:if><b:if cond='data:top.showBlogThisButton'><a class='goog-inline-block share-button sb-blog' expr:href='data:post.sharePostUrl + &quot;&amp;target=blog&quot;' expr:onclick='&quot;window.open(this.href, \&quot;_blank\&quot;, \&quot;height=270,width=475\&quot;); return false;&quot;' expr:title='data:top.blogThisMsg' target='_blank'><span class='share-button-link-text'><data:top.blogThisMsg/></span></a></b:if><b:if cond='data:top.showTwitterButton'><a class='goog-inline-block share-button sb-twitter' expr:href='data:post.sharePostUrl + &quot;&amp;target=twitter&quot;' expr:title='data:top.shareToTwitterMsg' target='_blank'><span class='share-button-link-text'><data:top.shareToTwitterMsg/></span></a></b:if><b:if cond='data:top.showFacebookButton'><a class='goog-inline-block share-button sb-facebook' expr:href='data:post.sharePostUrl + &quot;&amp;target=facebook&quot;' expr:onclick='&quot;window.open(this.href, \&quot;_blank\&quot;, \&quot;height=430,width=640\&quot;); return false;&quot;' expr:title='data:top.shareToFacebookMsg' target='_blank'><span class='share-button-link-text'><data:top.shareToFacebookMsg/></span></a></b:if><b:if cond='data:top.showPinterestButton'><a class='goog-inline-block share-button sb-pinterest' expr:href='data:post.sharePostUrl + &quot;&amp;target=pinterest&quot;' expr:title='data:top.shareToPinterestMsg' target='_blank'><span class='share-button-link-text'><data:top.shareToPinterestMsg/></span></a></b:if><b:if cond='data:top.showPlusOne'><div class='goog-inline-block google-plus-share-container'><data:post.googlePlusShareTag/></div></b:if>
</b:includable>
            <b:includable id='status-message'/>
            <b:includable id='threaded-comment-form' var='post'/>
            <b:includable id='threaded_comment_js' var='post'/>
            <b:includable id='threaded_comments' var='post'/>
          </b:widget>
        </b:section>
      </div>
<div itemprop='mainEntity' itemscope='itemscope' itemtype='https://schema.org/WPSideBar'>
<aside class='sidebar-wrapper'>
 <b:section class='sidebar' id='sidebar' showaddelement='yes'>
   <b:widget id='HTML4' locked='false' title='' type='HTML' version='1'>
     <b:widget-settings>
       <b:widget-setting name='content'><![CDATA[<a href='http://www.goomsite.top/' title='Ads'><amp-img alt='Ads' height='250' src='https://3.bp.blogspot.com/-Ve2VMH9HZUg/WDdBhYkLNUI/AAAAAAAACVo/1TKoYSlTnPkp2dWb9BmGOuikqtUo-gHKQCLcB/s1600/300x250-ads.png' title='Ads' width='298'></amp-img></a>]]></b:widget-setting>
     </b:widget-settings>
     <b:includable id='main'>
  <!-- only display title if it's non-empty -->
  <b:if cond='data:title != &quot;&quot;'>
    <h2 class='title'><data:title/></h2>
  </b:if>
  <div class='widget-content'>
    <data:content/>
  </div>
</b:includable>
   </b:widget>
   <b:widget id='HTML5' locked='false' title='' type='HTML' version='1'>
     <b:widget-settings>
       <b:widget-setting name='content'>&lt;amp-youtube
     data-videoid=&quot;i7wveOu5hkQ&quot;
     height=&quot;250&quot;
     layout=&quot;responsive&quot;
     width=&quot;300&quot;&gt;&lt;/amp-youtube
&gt;</b:widget-setting>
     </b:widget-settings>
     <b:includable id='main'>
  <!-- only display title if it's non-empty -->
  <b:if cond='data:title != &quot;&quot;'>
    <h2 class='title'><data:title/></h2>
  </b:if>
  <div class='widget-content'>
    <data:content/>
  </div>
</b:includable>
   </b:widget>
   <b:widget id='PopularPosts1' locked='false' title='Popular Posts' type='PopularPosts' version='1'>
     <b:widget-settings>
       <b:widget-setting name='numItemsToShow'>10</b:widget-setting>
       <b:widget-setting name='showThumbnails'>true</b:widget-setting>
       <b:widget-setting name='showSnippets'>true</b:widget-setting>
       <b:widget-setting name='timeRange'>LAST_YEAR</b:widget-setting>
     </b:widget-settings>
     <b:includable id='main'>
  <b:if cond='data:title != &quot;&quot;'><h2><data:title/></h2></b:if>
  <div class='widget-content popular-posts'>
    <ul>
      <b:loop values='data:posts' var='post'>
      <li>
        <b:if cond='!data:showThumbnails'>
          <b:if cond='!data:showSnippets'>
            <!-- (1) No snippet/thumbnail -->
            <a expr:href='data:post.href' expr:title='data:post.title'><data:post.title/></a>
          <b:else/>
            <!-- (2) Show only snippets -->
            <div class='item-title'><a expr:href='data:post.href' expr:title='data:post.title'><data:post.title/></a></div>
            <div class='item-snippet'><data:post.snippet/></div>
          </b:if>
        <b:else/>
          <!-- (3) Show only thumbnails or (4) Snippets and thumbnails. -->
          <div expr:class='data:showSnippets ? &quot;item-content&quot; : &quot;item-thumbnail-only&quot;'>
            <b:if cond='data:post.featuredImage.isResizable or data:post.thumbnail'>
              <div class='item-thumbnail'>
                <a expr:href='data:post.href'>
                  <b:with value='data:post.featuredImage.isResizable? resizeImage(data:post.featuredImage, 300) : data:post.thumbnail' var='image'>
                    <amp-img expr:alt='data:post.title' expr:src='data:image' expr:title='data:post.title' height='180' width='300'/> 
                  </b:with>
                </a>
              </div>
              <b:else/>
              <div class='item-thumbnail'>
                <a expr:href='data:post.href' expr:title='data:post.title'>
              <amp-img expr:alt='data:post.title' expr:title='data:post.title' height='180' src='//2.bp.blogspot.com/-ex3V86fj4dQ/UrCQQa4cLsI/AAAAAAAAFdA/j2FCTmGOrog/s100/no-thumbnail.png' width='300'/>
                </a>
              </div>
            </b:if>
            <div class='item-title'><a expr:href='data:post.href' expr:title='data:post.title'><data:post.title/></a></div>
            <b:if cond='data:showSnippets'>
              <div class='item-snippet'><data:post.snippet/></div>
            </b:if>
          </div>
          <div class='clear'/>
        </b:if>
      </li>
      </b:loop>
    </ul>
  </div>
</b:includable>
   </b:widget>
   <b:widget id='HTML6' locked='false' title='' type='HTML'>
     <b:widget-settings>
       <b:widget-setting name='content'>&lt;amp-iframe width=&quot;300&quot;
      height=&quot;214&quot;
      sandbox=&quot;allow-scripts allow-same-origin allow-popups&quot;
      frameborder=&quot;0&quot;
      scrolling=&quot;no&quot;
      src=&quot;https://cdn.rawgit.com/basrimedia/online/e3f8ac81/fbamp.html?page=Goomsite&quot;&gt;
  &lt;/amp-iframe&gt;</b:widget-setting>
     </b:widget-settings>
     <b:includable id='main'>
  <!-- only display title if it's non-empty -->
  <b:if cond='data:title != &quot;&quot;'>
    <h2 class='title'><data:title/></h2>
  </b:if>
  <div class='widget-content'>
    <data:content/>
  </div>
</b:includable>
   </b:widget>
 </b:section>
</aside></div>
<div class='clr'/>
</div></div></div>
<footer itemprop='mainEntity' itemscope='itemscope' itemtype='http://schema.org/WPFooter'>
<div id='footer'>
<div class='content-wrapper'>
            <div class='footer-wrapper'>
<b:section class='footer' id='footer1' preferred='yes'>
  <b:widget id='HTML1' locked='false' title='' type='HTML' version='1'>
    <b:widget-settings>
      <b:widget-setting name='content'>&lt;a href=&#39;https://themeboz.blogspot.co.id&#39; title=&#39;Logo&#39;&gt;&lt;amp-img alt=&#39;Logo&#39; height=&#39;84&#39; src=&#39;https://4.bp.blogspot.com/-GXu_xbKGhMU/WETC9bJIWWI/AAAAAAAACXI/We0dXJ9nKhIJSuqOIK-yJfWQL3OBPs6hwCLcB/s1600/logo_footer.png&#39; title=&#39;Logo&#39; width=&#39;260&#39;&gt;&lt;/amp-img&gt;&lt;/a&gt;

&lt;p&gt;Mirum est notare quam littera gothica, quam nunc putamus parum claram, anteposuerit litterarum, Mirum est notare quam littera gothica, quam nunc putamus parum claram&lt;/p&gt;</b:widget-setting>
    </b:widget-settings>
    <b:includable id='main'>
  <!-- only display title if it's non-empty -->
  <b:if cond='data:title != &quot;&quot;'>
    <h2 class='title'><data:title/></h2>
  </b:if>
  <div class='widget-content'>
    <data:content/>
  </div>  
</b:includable>
  </b:widget>
</b:section>
<b:section class='footer' id='footer2' preferred='yes'>
  <b:widget id='HTML2' locked='false' title='Partner' type='HTML' version='1'>
    <b:widget-settings>
      <b:widget-setting name='content'>&lt;ul&gt;
&lt;li&gt;&lt;a href=&#39;http://www.goomsite.top/&#39; target=&#39;_blank&#39; title=&#39;themeboz&#39;&gt;themeboz&lt;/a&gt;&lt;/li&gt;
&lt;li&gt;&lt;a href=&#39;http://www.goomsite.top/&#39; target=&#39;_blank&#39; title=&#39;Download Theme&#39;&gt;Download Theme&lt;/a&gt;&lt;/li&gt;
&lt;li&gt;&lt;a href=&#39;http://www.goomsite.top/&#39; target=&#39;_blank&#39; title=&#39;Tutorial&#39;&gt;Tutorial&lt;/a&gt;&lt;/li&gt;
&lt;/ul&gt;</b:widget-setting>
    </b:widget-settings>
    <b:includable id='main'>
  <!-- only display title if it's non-empty -->
  <b:if cond='data:title != &quot;&quot;'>
    <h2 class='title'><data:title/></h2>
  </b:if>
  <div class='widget-content'>
    <data:content/>
  </div>
</b:includable>
  </b:widget>
</b:section>
<b:section class='footer' id='footer3' preferred='yes'>
  <b:widget id='HTML3' locked='false' title='DiDUKUNG' type='HTML' version='1'>
    <b:widget-settings>
      <b:widget-setting name='content'>&lt;ul&gt;
&lt;li&gt;&lt;a href=&#39;http://www.goomsite.top/&#39; target=&#39;_blank&#39; title=&#39;themeboz&#39;&gt;themeboz&lt;/a&gt;&lt;/li&gt;
&lt;li&gt;&lt;a href=&#39;http://www.goomsite.top/&#39; target=&#39;_blank&#39; title=&#39;Download Theme&#39;&gt;Download Theme&lt;/a&gt;&lt;/li&gt;
&lt;li&gt;&lt;a href=&#39;http://www.goomsite.top/&#39; target=&#39;_blank&#39; title=&#39;Tutorial&#39;&gt;Tutorial&lt;/a&gt;&lt;/li&gt;
&lt;/ul&gt;</b:widget-setting>
    </b:widget-settings>
    <b:includable id='main'>
  <!-- only display title if it's non-empty -->
  <b:if cond='data:title != &quot;&quot;'>
    <h2 class='title'><data:title/></h2>
  </b:if>
  <div class='widget-content'>
    <data:content/>
  </div>
</b:includable>
  </b:widget>
</b:section>
    <div class='clr'/>
</div></div></div></footer>
<div id='credit'>
<!-- Mau menghapus link di bawah ini? silahkan Transfer Rp. 100.000,- Hubungi 081241105658 (SMS Only). Kalau menghapus tanpa izin, berarti anda maling, BLOGNYA TIDAK BAROKAH DAN PENGHASILAN DARI BLOG ITU HARAM, susah bikin template bro! -->

<!-- URL = https://themeboz.blogspot.co.id = DONASI KE No. Rek BANK BRI 022501016056534 an. Basri Matindas!-->

<div class='content-wrapper'>
 &#169; Copyright 2017 <a class='site_name' expr:href='data:blog.homepageUrl' expr:title='data:blog.title'><data:blog.title/></a> - All Rights Reserved - Template Created by <a href='http://www.goomsite.top/' title='goomsite'>goomsite</a> &amp; <a href='http://www.kaizentemplate.com/' rel='dofollow' target='_blank' title='KaizenTemplate'>Kaizen Template</a>
 - Proudly powered by <a href='//www.blogger.com' title='Blogger'>Blogger</a>
  </div>
</div>
</div>
&lt;!--</body>--&gt;&lt;/body&gt;
</HTML>