<?xml version="1.0" encoding="UTF-8" ?>
<!DOCTYPE html>
<HTML amp='amp'>
&lt;head&gt;
<meta charset='utf-8'/>
<meta content='width=device-width,minimum-scale=1,initial-scale=1' name='viewport'/>
<meta content='IE=9; IE=8; IE=7; IE=EDGE; chrome=1' http-equiv='X-UA-Compatible'/>
<meta content='blogger' name='generator'/>
<!-- Chrome, Firefox OS, Opera and Vivaldi -->
  <meta content='#37474F' name='theme-color'/>
<!-- Windows Phone -->
  <meta content='#37474F' name='msapplication-navbutton-color'/>
<!-- iOS Safari -->
  <meta content='black' name='apple-mobile-web-app-status-bar-style'/>

<!-- Title Tag Blogger dioptimalkan -->
<b:if cond='data:blog.pageType in {&quot;index&quot;} and data:blog.homepageUrl == data:blog.url'>
	<title><data:blog.pageTitle/> | Seputar Berita Android</title>
<b:else/>
<b:if cond='data:blog.pageType in {&quot;item&quot;,&quot;static_page&quot;}'>
	<title><data:blog.pageName/> | <data:blog.title/></title>
<b:else/>
<b:if cond='data:blog.pageType in {&quot;index&quot;} and data:blog.pageName == &quot;&quot;'>
	<title>All Posts | <data:blog.title/></title>
<b:else/>
<b:if cond='data:blog.pageType in {&quot;error_page&quot;}'>
	<title>Page Not Found | <data:blog.title/></title>
<b:else/>
	<title><data:blog.pageName/></title>
</b:if></b:if></b:if></b:if>

<!-- Meta keywords otomatis halaman depan, statis, dan postingan -->
<b:if cond='data:blog.pageType in {&quot;index&quot;} and data:blog.homepageUrl == data:blog.url'>
	<meta expr:content='data:blog.title' name='keywords'/>
</b:if>
<b:if cond='data:blog.pageType in {&quot;item&quot;,&quot;static_page&quot;}'>
	<meta expr:content='data:blog.pageName' name='keywords'/>
</b:if>

<!-- Noindex halaman pencarian, label, dan arsip -->
<b:if cond='data:blog.pageType in {&quot;archive&quot;} or data:blog.searchLabel or data:blog.searchQuery'>
	<meta content='noindex,nofollow' name='robots'/>
</b:if>

<link expr:href='data:blog.homepageUrl + &quot;favicon.ico&quot;' rel='icon' type='image/x-icon'/>

<link href='https://4.bp.blogspot.com/-nQn7UTWYXHQ/WFQIYh8kbdI/AAAAAAAAGMI/klSvhvDQJh4Sgka_MfJGObFAIwXQWnMJQCLcB/s1600/Droidbuzz%2BLogo%2B2.jpg' rel='apple-touch-icon'/>
<link href='https://4.bp.blogspot.com/-nQn7UTWYXHQ/WFQIYh8kbdI/AAAAAAAAGMI/klSvhvDQJh4Sgka_MfJGObFAIwXQWnMJQCLcB/s76/Droidbuzz%2BLogo%2B2.jpg' rel='apple-touch-icon' sizes='76x76'/>
<link href='https://4.bp.blogspot.com/-nQn7UTWYXHQ/WFQIYh8kbdI/AAAAAAAAGMI/klSvhvDQJh4Sgka_MfJGObFAIwXQWnMJQCLcB/s120/Droidbuzz%2BLogo%2B2.jpg' rel='apple-touch-icon' sizes='120x120'/>
<link href='https://4.bp.blogspot.com/-nQn7UTWYXHQ/WFQIYh8kbdI/AAAAAAAAGMI/klSvhvDQJh4Sgka_MfJGObFAIwXQWnMJQCLcB/s152/Droidbuzz%2BLogo%2B2.jpg' rel='apple-touch-icon' sizes='152x152'/>
<link href='https://4.bp.blogspot.com/-nQn7UTWYXHQ/WFQIYh8kbdI/AAAAAAAAGMI/klSvhvDQJh4Sgka_MfJGObFAIwXQWnMJQCLcB/s180/Droidbuzz%2BLogo%2B2.jpg' rel='apple-touch-icon' sizes='180x180'/>
<link href='https://4.bp.blogspot.com/-nQn7UTWYXHQ/WFQIYh8kbdI/AAAAAAAAGMI/klSvhvDQJh4Sgka_MfJGObFAIwXQWnMJQCLcB/s128/Droidbuzz%2BLogo%2B2.jpg' rel='icon' sizes='128x128'/>
<link href='https://4.bp.blogspot.com/-nQn7UTWYXHQ/WFQIYh8kbdI/AAAAAAAAGMI/klSvhvDQJh4Sgka_MfJGObFAIwXQWnMJQCLcB/s192/Droidbuzz%2BLogo%2B2.jpg' rel='icon' sizes='192x192'/>
<meta content='https://4.bp.blogspot.com/-nQn7UTWYXHQ/WFQIYh8kbdI/AAAAAAAAGMI/klSvhvDQJh4Sgka_MfJGObFAIwXQWnMJQCLcB/s180/Droidbuzz%2BLogo%2B2.jpg' name='msapplication-TileImage'/>

<link expr:href='data:blog.url' rel='canonical'/>

<!-- Facebook Open Graph Tag -->
<b:if cond='data:blog.pageType == &quot;item&quot;'>
	<meta expr:content='data:blog.pageName' property='og:title'/>
	<meta content='article' property='og:type'/>
	<b:else/>
	<meta expr:content='data:blog.pageTitle' property='og:title'/>
	<meta content='website' property='og:type'/>
</b:if>
<meta expr:content='data:blog.canonicalUrl' property='og:url'/>
<!-- Large image, original size -->
<b:if cond='data:blog.postImageUrl'>
	<meta expr:content='data:blog.postImageUrl' property='og:image'/>
	<b:else/>
	<!-- Thumbnail image, 72 &#215; 72 pixels -->
	<b:if cond='data:blog.postImageThumbnailUrl'>
		<meta expr:content='data:blog.postThumbnailUrl' property='og:image'/>
		<b:else/>
		<!-- Default, no image -->
		<meta content='https://4.bp.blogspot.com/-i_6lnKy8NU4/WCRylC1DQrI/AAAAAAAANnk/kTX9v5v32XMHuJ70c8Ms_e3cZo5T18gywCLcB/s1600/default-thumbnail.png' property='og:image'/>
	</b:if>
</b:if>
<b:if cond='data:blog.metaDescription'>
	<meta expr:content='data:blog.metaDescription' property='og:description'/>
</b:if>
<link href='https://plus.google.com/u/0/+iwanefendi_27' rel='me'/>
<link href='https://plus.google.com/u/0/+iwanefendi_27' rel='publisher'/>
<meta content='zvUqZDm54i3n5gX3bjzZRICpYhV8WSJS220oqR0sxDE' name='google-site-verification'/>
<meta expr:content='data:blog.title' property='og:site_name'/>
<meta content='806941006109652' property='fb:admins'/>
<meta content='https://www.facebook.com/iwan.efendi.777' property='article:author'/>
<meta expr:content='data:blog.title' name='twitter:site'/>
<meta content='summary_large_image' name='twitter:card'/>
<meta content='@Iw_n' name='twitter:creator'/>
<link href='https://fonts.googleapis.com/css?family=Roboto:400,400i,700,700i,900%7CMaterial+Icons' rel='stylesheet' type='text/css'/>
&lt;!-- /*<b:skin><![CDATA[/*
Name       :  Template Tanpa Nama
Designer   :  Bung Frangki
URL        :  https://awtemplates.blogspot.com
*/
#header-left {float:left;width:540px}#header-right {float:right;width:400px}#wrapper {width:970px;margin:0 auto;padding:0}#main-wrapper {width:650px;float:left}#sidebar-wrapper {float:right;width:300px}ul,ol{list-style:none}
]]></b:skin>

<b:if cond='data:blog.pageType != &quot;static_page&quot; and data:blog.pageType != &quot;item&quot;'>
<style amp-custom='amp-custom'>
/*<![CDATA[*/
.artbody{text-align: justify;}
body{font-family:'Roboto', sans-serif;font-size: 15px;color: #64707a;line-height:1.5em;margin: 0;text-decoration:none;background: #eef3f6}
.material-icons {vertical-align:-19%;font-size:inherit;text-rendering: optimizeLegibility;-moz-osx-font-smoothing: grayscale;}
a,a:link,a:visited,a:active {color:#4285f4;text-decoration:none;}a:hover{color:#2057b1}
.left{float:left}.right{float:right}
h2.date-header{display:none}
.quickedit {height:0;width:0;display:none }
/* Header wrapper */
#wrapper {width:970px;overflow:hidden;margin:0 auto;padding:0;}
#header-wrapper{width:100%;margin:0 auto 25px;padding:0;word-wrap: break-word;}
#header-left{padding:0; margin:0; width:50%; float:left;position:relative;}
#header-right {margin:0;padding:0;float:right;width:50%}
.logo {position:absolute;left:0;top:23px;z-index:1;width:280px}
#header .description{position:absolute;top:-999px;left:-99999px}
#header{position:absolute;top:-9999px;left:-9999px}
/* Pencarian */
#search-box{position:relative;width:400px;margin:25px 0;float:right}
#cse-search-box{background:#f5f8fa;position:relative;line-height:1.5em;margin:0;padding:0;font-weight:normal;font-weight:normal;border:1px solid #a0d3fb;overflow:hidden;border-radius:5px;}
.search-form{background:transparent;border:none;color:#fff;width:100%;padding:13px 20px 13px 10px;color:#777;outline:none;font-weight:400;margin:0;-moz-box-sizing:border-box;box-sizing:border-box;font-size:16px}
.search-button{background:transparent;width:40px;height:30px;line-height:29px;padding:8px 10px 20px 0;text-align:center;margin:0;top:0;right:0;font-size:25px;color:#fff;position:absolute;border:none;border-radius:0;text-shadow:none;box-shadow:none;cursor:pointer;text-shadow:1px 0 0 #aaa}
.search-form:focus,.search-form:hover,.search-button:focus,.search-button:hover{background:#f5f8fa;outline:none;border:none;outline:0;color:#aaa}
.search-button:hover{color:#fff;text-shadow:1px 0 0 #aaa}
/* Menu */
.navi{clear:both;font-family:'Roboto', sans-serif;width:100%;padding:0;margin:0 auto 20px;z-index:999}.navi ul{background:#4588f3;margin:0 auto;padding:0;text-align:center;border-radius:5px}.navi li{display:inline-block;margin:15px 0}.navi li a{display:block;color:#fff;font-weight:normal;font-weight:normal;padding:0 11px;font-size:18px;}.navi li a:hover{color:#86dfff }
.menu{margin:0 auto;padding:0;position:relative}.menu ul{margin:0 auto;padding:0;text-align:center;max-width:970px;margin:0 auto}.menu ul li{display:inline-block;margin:12px 0 7px}.menu ul li a{display:block;color:#4588f3;padding:0 5px;font-size:15px}.menu ul li a:hover{color:#a7b2c3}
/* ads wrapper */
#ads-wrapper{width:100%;max-width:100%;margin:auto;padding:0;text-align:center}
#ads-wrapper .widget-content{margin:0 auto 20px;padding:0}
#ads-wrapper .widget-content amp-img{width:auto;max-width:100%;height:auto;margin:0 auto 15px}
/* Main wrapper */
#main-wrapper {background:#fff;width:67.5%;float: left;padding: 0;margin:0 auto;word-wrap: break-word;overflow: hidden;border-radius:5px}
/* Homepage Post */
.post{margin:0 auto 10px;padding:25px 25px 0;position:relative;overflow:hidden}
.post h2 {margin:0;padding:0 0 5px;font-size:212%;transition:all 0.5s ease-out }
.post h2 a{color:#3d4260; text-decoration:none;font-weight:900 ;line-height:1.1em;transition:all 0.5s ease-out}
.post:hover a,.post h2 a:hover{color:#4285f4;border-color:#4285f4}
.post-body{padding:0;margin:0}
.post-snippet{position:absolute;top:-9999px;left:-9999px}
.post-thumbnail{float:left;margin:0;padding:0;width:90%;height:auto;overflow:hidden;position:relative;border-radius:5px;transition:all 0.5s ease-out}
.post-thumbnail:hover{-webkit-filter:brightness(0.4);transition:all 0.5s ease-out}
.post-thumbnail amp-img{background:#4588f3;display:block;width:100%;height:auto}
/* post info */
.post-info{display:block;position:relative;margin:0 auto;padding:5px 0 10px;color:#aaa ;overflow:hidden;text-align:left;font-size:13px}
.author a,.clock a{text-transform:capitalize;font-weight:normal;color:#4285f4 ;margin:0;border:none}
.post-author{color:#aaa;font-style:italic}
.post-author a{font-weight:bold;font-style:normal}
.post-label a{border:1px solid #aaa;font-size:12px;border-radius:3px;padding:3px 5px;color:#aaa;margin-left:5px;margin-bottom:5px}
/* bullet dan nummber */
.post-body ul {margin: 5px 0 5px 10px;padding: 0 0 0 20px;list-style-type: inherit;}
.post-body ol {margin: 5px 0 5px 10px;padding: 0 0 0 20px;list-style-type: decimal;}
.resource{padding:0;color: #66798a;font: normal normal 11px/normal Tahoma,Verdana,Arial,Sans-Serif;width:auto}
/* Sidebar wrapper */
#sidebar-wrapper {width: 300px;float: right;word-wrap: break-word;overflow: hidden;list-style:none}
#sidebar-wrapper h2{background:#f8f8f8;font-size:18px;font-weight:700;position:relative;padding:12px 5px;margin:0;text-align:center;color:#4285f4 ;border-bottom:1px solid #e8e8e8;border-radius:5px 5px 0 0; overflow:hidden}
#sidebar2,#sidebar3,#sidebar4,#sidebar5{border-radius:5px;overflow:hidden;margin:auto}
#sidebar2 .widget-content,#sidebar3 .widget-content,#sidebar4 .widget-content,#sidebar5 .widget-content{margin:0 auto 20px;padding:0;background:#fff;border-radius:0 0 5px 5px;}
#sidebar1 h2,#sidebar1 h3{display:none}
#sidebar1 .widget-content{margin:0 auto 20px;padding:0;}
/* CSS Popular Post */
.PopularPosts ul{background:#fff;list-style:none;margin:0;padding:5px 5px 10px;overflow:hidden;border-radius:0 0 5px 5px;border-top:none;}
.PopularPosts li,.PopularPosts li amp-img,.PopularPosts li a,.PopularPosts li a amp-img {margin:0;padding:0;list-style:none;border:none;background:none;outline:none;}
.PopularPosts ul {margin:0;list-style:none;color:#64707a;}
.PopularPosts ul li amp-img {display: flex;align-items:center;display:block;width:auto;height:100%}
.PopularPosts ul li .item-thumbnail {display:block;margin:0 0 0 10px;width:95px;height:65px;border:1px solid #f5f5f5;overflow:hidden;float:right;border-radius:5px ;background-position:center;transition:all 0.5s ease-out}
.PopularPosts ul li .item-thumbnail:hover{-webkit-filter:brightness(0.4);transition:all 0.5s ease-out}
.PopularPosts ul li {background-color:#fff;margin:0;padding:10px 0;padding-right:5px;position:relative;border-bottom:1px solid #f5f5f5;transition:all .3s;display:block;min-height:67px}
.PopularPosts ul li:first-child {border-top:none;}
.PopularPosts ul li:last-child {border-bottom:none;}
.PopularPosts ul li a:hover {color:#4285f4;}
.PopularPosts ul li .item-title a, .PopularPosts ul li a {color:#64707a;transition:all .3s;display:block;height:100%;}
.PopularPosts .widget-content ul li:hover a,.PopularPosts .widget-content ul li a:hover{color:#4285f4;}
.PopularPosts .item-snippet{display:none}
.profile-img{display:inline;opacity:1;margin:0 6px 3px 0;}
.PopularPosts .item-title {padding-bottom:.2em;padding:0 5px;}
/* Featured Post */
.FeaturedPost{background:#fff;margin:0 auto 20px;position:relative;padding:0;list-style:none;border-radius:0 0 5px 5px;overflow:hidden}
.FeaturedPost h3:before{content:"Featured";font-weight:normal;text-decoration:inherit;font-size:13px;color:#fff;display:block;text-align:center;background:#eba642;text-transform:uppercase;position:absolute;bottom:100%;right:0;width:80px;padding:4px;font-family:georgian}
.FeaturedPost p{margin:15px;text-align:center;font-size:15px;line-height:1.2em;}
.FeaturedPost img{width:100%;min-width:100%;height:auto;min-height:190px}
.FeaturedPost h3{position:absolute;bottom:8px;left:0;right:0;display:block;background:rgba(0,0,0,.5);margin:10px;padding:10px;z-index:999}
.FeaturedPost h3 a{display:block;overflow:hidden;color:#fff;font-weight:bold;font-size:17px;line-height:1.2em;text-align:center}
/* Label Sidebar */
.widget-content.cloud-label-widget-content {display:inline-block;width:100%;border-radius:0 0 5px 5px;overflow:hidden}
.widget-content.list-label-widget-content {padding:0;}
.widget-content.cloud-label-widget-content {display:inline-block;border-radius:0 0 5px 5px;overflow:hidden}
.label-size-1,.label-size-2,.label-size-3,.label-size-4,.label-size-5 {font-size:100%;opacity:1}
.cloud-label-widget-content{text-align:left;padding:10px;}
.label-count {white-space:nowrap;display:inline-block;}
.Label ul {list-style:none;margin:0;padding:0;width:100%}
.Label li{position:relative;color:#fff;padding:0;margin:0;text-align:left;max-width:100%;transition:all .3s ease-out;overflow:hidden;border-bottom:1px solid #eee}
.Label li:hover,.label-size a:hover {background:#4588f3;color:#fff;}
.Label li a,.label-size a{padding:12px 15px 15px;display:block;position:relative;line-height:1.2em;color:#aaa;text-decoration:none;transition:all .3s ease-out;font-weight:normal}
.Label li a:hover {color:#fff}
.Label li span,.label-count{float:right;height:25px;line-height:25px;padding:0 10px;text-align:center;display:inline-block;background:#4588f3;color:#fff;position:absolute;top:9px;right:11px;z-index:2;border-radius:99em;border:1px solid #fff}
.label-size{position:relative;display:block;width:100%;min-width:100%}
.label-size a{border-bottom:1px solid #eee}
/* Css Breadcrumbs */
.breadcrumbs {font-size:100%;overflow:hidden;padding:0;position:relative;color:#ccc;margin:15px 25px 0;text-overflow: ellipsis;white-space: nowrap;overflow:hidden;display:block}.breadcrumbs a {color:#ddd;font-size:13px;font-weight:normal;}.breadcrumbs span a {color:#768187;padding:0;}.breadcrumbs > span:last-child {width:0;color:#ccc;font-size:13px;font-weight:300}.breadcrumbs span a:hover {color:#333;}.breadcrumbs a:hover {color:#333;}
/* footer-wrapper */
#footer-wrapper {margin:30px auto 0;width:100%;text-align:center;color:#a7b2c3 ;font-size:12px}
#footer-wrapper a{color:#a7b2c3 ;list-style:none }
#footer-wrapper a:hover{color:#4588f3 }
.credit-wrapper{margin:0 auto 30px;list-style:none }
#footer-1{max-width:728px;height:auto;margin:auto;padding:0;text-align:center}
#footer-1 amp-img{width:auto;height:auto}
/* Nextprev css */
#blog-pager{text-align:center;padding:20px 0 0;margin:0 20px 5px;}#blog-pager .home-link {display:none}#blog-pager a{display: block;border: 1px solid #4285f4;margin: 15px 0 20px;padding: 4px 12px;line-height: 25px;color: #4285f4;font-weight:400;z-index:999}#blog-pager a:hover {text-decoration: none;color: #fff;background-color:#4285f4}#blog-pager a.blog-pager-older-link {padding: 4px 12px;} #blog-pager a.blog-pager-older-link {float:right }#blog-pager a.blog-pager-newer-link{float:left }
.feed-links { clear: both;display:none;}
/* Status msg */
.status-msg-body{padding:15px 0 ;}
.status-msg-wrap{background:#f8f8f8;font-weight:400;position:relative;display:block;margin:0;text-align:center;color:#888 ;border-bottom:1px solid #e8e8e8;}
.status-msg-wrap a{font-weight:700;color:#4285f4 }
.status-msg-wrap a:hover{text-decoration:underline}
.status-msg-bg{display:none}
.status-msg-border{border:0; position:relative; width:99%}

/* Responsive */
@media screen and (max-width: 992px) {
}
@media screen and (max-width:880px){
#wrapper{width:95%}
#search-box{width:300px}
.navi li a{font-size:13px}
#main-wrapper{width:60%}
.post h2{font-size:197%}
}
@media screen and (max-width:768px){
#sidebar-wrapper{width:100%;max-width:100%;margin:auto;padding:25px 0 0;float:none}
#header-left,#main-wrapper{width:100%}
#sidebar1 .widget-content,#sidebar5 .widget-content{text-align:center }
#header-right{float:none;text-align:center;margin:0 auto 10px;padding:0;width:100%}
#header-left{float:none;text-align:center;margin:0 auto}
.logo {position:relative;display:block;margin:20px auto;text-align:center;padding:0;left:auto;top:auto}
#search-box{width:100%;margin:0 0 20px}
.navi li a{font-size:17px}
.navi ul{padding:5px 0 15px}
.navi li{margin:8px 0 0}
}
@media screen and (max-width:600px){
.post h2 {font-size:189%}
.menu ul{padding-bottom:10px}
.menu ul li{margin:10px 0 0}
.post-thumbnail{width:100%}
}
@media screen and (max-width:480px){
#sidebar-wrapper{display:none}
.post h2 {font-size:181%}
.post{padding:15px 15px 0}
}
@media screen and (max-width:414px){
.post h2 {font-size:175%}
}
@media screen and (max-width:320px){
.post h2 {font-size:155%}
.logo{width:95%;height:auto;margin:15px auto}
}
@media screen and (max-width:240px){
.post h2 {font-size:135%}
}

/*]]>*/
</style>
</b:if>
<b:if cond='data:blog.pageType == &quot;item&quot;'>
<style amp-custom='amp-custom'>
/*<![CDATA[*/
.artbody{text-align: justify;}
body{font-family:'Roboto', sans-serif;font-size: 15px;color: #64707a;line-height:1.5em;margin: 0;text-decoration:none;background: #eef3f6}
.material-icons {vertical-align:-19%;font-size:inherit;text-rendering: optimizeLegibility;-moz-osx-font-smoothing: grayscale;}
a,a:link,a:visited,a:active {color:#4285f4;text-decoration:none;}a:hover{color:#2057b1}
.left{float:left}.right{float:right}
h2.date-header{display:none}
.quickedit {height:0;width:0;display:none }
.feed-links {display:none;}
.clear {clear:both}
/* Header wrapper */
#wrapper {width:970px;overflow:hidden;margin:0 auto;padding:0;}
#header-wrapper{width:100%;margin:0 auto 25px;padding:0;word-wrap: break-word;}#header-left{padding:0; margin:0; width:50%; float:left;position:relative;}#header-right {margin:0;padding:0;float:right;width:50%}
.logo {position:absolute;left:0;top:23px;z-index:1;width:280px;}
#header .description{position:absolute;top:-999px;left:-99999px}#header{position:absolute;top:-9999px;left:-9999px}
/* Pencarian */
#search-box{position:relative;width:400px;margin:25px 0;float:right}
#cse-search-box{background:#f5f8fa;position:relative;line-height:1.5em;margin:0;padding:0;font-weight:normal;font-weight:normal;border:1px solid #a0d3fb;overflow:hidden;border-radius:5px;}
.search-form{background:transparent;border:none;color:#fff;width:100%;padding:13px 20px 13px 10px;color:#777;outline:none;font-weight:400;margin:0;-moz-box-sizing:border-box;box-sizing:border-box;font-size:16px}
.search-button{background:transparent;width:40px;height:30px;line-height:29px;padding:8px 10px 20px 0;text-align:center;margin:0;top:0;right:0;font-size:25px;color:#fff;position:absolute;border:none;border-radius:0;text-shadow:none;box-shadow:none;cursor:pointer;text-shadow:1px 0 0 #aaa}
.search-form:focus,.search-form:hover,.search-button:focus,.search-button:hover{background:#f5f8fa;outline:none;border:none;outline:0;color:#aaa}
.search-button:hover{color:#fff;text-shadow:1px 0 0 #aaa}
/* Menu */
.navi{clear:both;font-family:'Roboto', sans-serif;width:100%;padding:0;margin:0 auto 20px;z-index:999}
.navi ul{background:#4588f3;margin:0 auto;padding:0;text-align:center;border-radius:5px}
.navi li{display:inline-block;margin:15px 0}.navi li a{display:block;color:#fff;font-weight:normal;font-weight:normal;padding:0 11px;font-size:18px;}
.navi li a:hover{color:#86dfff }
.menu{margin:0 auto;padding:0;position:relative}
.menu ul{margin:0 auto;padding:0;text-align:center;max-width:970px;margin:0 auto}
.menu ul li{display:inline-block;margin:12px 0 7px}
.menu ul li a{display:block;color:#4588f3;padding:0 5px;font-size:15px}
.menu ul li a:hover{color:#a7b2c3}
/* ads wrapper */
#ads-wrapper{width:100%;max-width:100%;margin:auto;padding:0;text-align:center}
#ads-wrapper .widget-content{margin:0 auto 20px;padding:0}
#ads-wrapper .widget-content amp-img{width:auto;max-width:100%;height:auto;margin:0 auto 15px}
/* Main wrapper */
#main-wrapper {background:#fff;width:67.5%;float: left;padding: 0;margin:0 auto;word-wrap: break-word;overflow: hidden;border-radius:5px}
/* Post Page */
.post{margin:0 auto 10px;padding:0;}
.post h2 {margin:0;padding:10px 25px 5px;font-size:250%;transition:all 0.5s ease-out }
.post h2 a,.post h2 a:hover{color:#4285f4; text-decoration:none;font-weight:900 ;line-height:1.1em;transition:all 0.5s ease-out}
.post-body{padding:25px;margin:0}
.post-body amp-img{width:auto;height:auto;margin:0 auto;padding:0}
/* post info */
.post-info{display:block;position:relative;margin:0 auto;padding:5px 25px 10px;color:#aaa ;overflow:hidden;text-align:left;font-size:13px}
.author a,.clock a{text-transform:capitalize;font-weight:normal;color:#4285f4 ;margin:0;border:none}
.post-author{color:#aaa;font-style:italic}
.post-author a{font-weight:bold;font-style:normal}
.post-label a{border:1px solid #aaa;font-size:12px;border-radius:3px;padding:3px 5px;color:#aaa;margin-left:5px;margin-bottom:5px}
/* bullet, nummber and separator */
.post-body ul {margin: 5px 0 5px 10px;padding: 0 0 0 20px;list-style-type: inherit;}
.post-body ol {margin: 5px 0 5px 10px;padding: 0 0 0 20px;list-style-type: decimal;}
.post-body .separator:nth-of-type(1){clear:both;display:none}
/* Share and Comment */
#share-this {float:none;border-top:1px solid #eee;border-bottom:1px solid #eee;text-align:center;vertical-align:middle;margin: auto;padding:15px 15px 10px}
amp-social-share{clear:both;width:100%;min-width:19%;display:inline-block;border-radius:5px;margin:0;padding:0}
amp-social-share[type="twitter"], amp-social-share[type="gplus"], amp-social-share[type="facebook"]{background-size:25px 25px;transition:all .4s ease-out;margin:auto;}
amp-social-share[type="twitter"]{background-color:#4fc4f6}
amp-social-share[type="gplus"]{background-color:#e64c65}
amp-social-share[type="facebook"]{background-color:#3468af}
amp-social-share[type="twitter"]:hover {background-color:#35aadc}
amp-social-share[type="gplus"]:hover {background-color:#cc324b}
amp-social-share[type="facebook"]:hover {background-color:#1a4e95}
#disqus_comments{margin:0 17px 0}
/* Related post */
#related-wrapper{margin:0 25px 15px}
.clear{clear:both;}
/* CSS Post Table */
table{border-collapse:collapse;border-spacing:0;}
.post-body table td{border:1px solid #e9e9e9;padding:10px;text-align:left;vertical-align:top;}
.post-body table th {border:1px solid #2d3759;padding:10px;text-align:left;vertical-align:top;background:#46506f ;color:#fff}
.post-body td, .post-body th{vertical-align:top;text-align:left;font-size:13px;padding:3px 5px;}
.post-body th{background:#fff;font-weight:400;text-transform:uppercase;font-size:14px}
table {max-width:100%;width:100%;margin:1.5em auto;}
table.section-columns td.first.columns-cell{border-left:none}
table.section-columns{border:none;table-layout:fixed;width:100%;position:relative}
table.columns-2 td.columns-cell{width:50%}
table.columns-3 td.columns-cell{width:50%}
table.columns-4 td.columns-cell{width:30%}
table.section-columns td.columns-cell{vertical-align:top}
table.tr-caption-container{padding:4px;margin-bottom:.5em}
td.tr-caption{font-size:80%}
.post-body td img, .post-body th img {list-style:none;max-width:100%;height:auto;padding:0 ;margin:0 }
.post-body table.tr-caption-container img, .post-body table.tr-caption-container img, .post-body img {list-style:none;max-width:100%;height:auto;padding:0 ;margin:0 }
.post-body img {width:100% ;max-width:100% ;height:auto }
.post-body table.tr-caption-container td {border:none;padding:0 ;margin:0 }
.post-body table caption{max-width:100%;height:auto;border:none ;padding:0 }
/* Sidebar wrapper */
#sidebar-wrapper {width: 300px;float: right;word-wrap: break-word;overflow: hidden;list-style:none}
#sidebar-wrapper h2{background:#f8f8f8;font-size:18px;font-weight:700;position:relative;padding:12px 5px;margin:0;text-align:center;color:#4285f4 ;border-bottom:1px solid #e8e8e8;border-radius:5px 5px 0 0; overflow:hidden}
#sidebar2,#sidebar3,#sidebar4,#sidebar5{border-radius:5px;overflow:hidden}
#sidebar2 .widget-content,#sidebar3 .widget-content,#sidebar4 .widget-content,#sidebar5 .widget-content{margin:0 auto 20px;padding:0;background:#fff;border-radius:0 0 5px 5px;}
#sidebar1 h2,#sidebar1 h3{display:none}
#sidebar1 .widget-content{margin:0 auto 20px;padding:0;}
/* CSS Popular Post */
.PopularPosts ul{background:#fff;list-style:none;margin:0;padding:5px 5px 10px;overflow:hidden;border-radius:0 0 5px 5px;border-top:none;}
.PopularPosts li,.PopularPosts li amp-img,.PopularPosts li a,.PopularPosts li a amp-img {margin:0;padding:0;list-style:none;border:none;background:none;outline:none;}
.PopularPosts ul {margin:0;list-style:none;color:#64707a;}
.PopularPosts ul li amp-img {display: flex;align-items:center;display:block;width:auto;height:100%}
.PopularPosts ul li .item-thumbnail {display:block;margin:0 0 0 10px;width:95px;height:65px;border:1px solid #f5f5f5;overflow:hidden;float:right;border-radius:5px ;background-position:center;transition:all 0.5s ease-out}
.PopularPosts ul li .item-thumbnail:hover{-webkit-filter:brightness(0.4);transition:all 0.5s ease-out}
.PopularPosts ul li {background-color:#fff;margin:0;padding:10px 0;padding-right:5px;position:relative;border-bottom:1px solid #f5f5f5;transition:all .3s;display:block;min-height:67px}
.PopularPosts ul li:first-child {border-top:none;}
.PopularPosts ul li:last-child {border-bottom:none;}
.PopularPosts ul li a:hover {color:#4285f4;}
.PopularPosts ul li .item-title a, .PopularPosts ul li a {color:#64707a;transition:all .3s;}
.PopularPosts .widget-content ul li:hover a,.PopularPosts .widget-content ul li a:hover{color:#4285f4;}
.PopularPosts .item-snippet{display:none}
.profile-img{display:inline;opacity:1;margin:0 6px 3px 0;}
.PopularPosts .item-title {padding-bottom:.2em;padding:0 5px;}
/* Featured Post */
.FeaturedPost{background:#fff;margin:0 auto 20px;position:relative;padding:0;list-style:none;border-radius:0 0 5px 5px;overflow:hidden}
.FeaturedPost h3:before{content:"Featured";font-weight:normal;text-decoration:inherit;font-size:13px;color:#fff;display:block;text-align:center;background:#eba642;text-transform:uppercase;position:absolute;bottom:100%;right:0;width:80px;padding:4px;font-family:georgian}
.FeaturedPost p{margin:15px;text-align:center;font-size:15px;line-height:1.3em}
.FeaturedPost img{width:100%;min-width:100%;height:auto;min-height:190px}
.FeaturedPost h3{position:absolute;bottom:8px;left:0;right:0;display:block;background:rgba(0,0,0,.5);margin:10px;padding:10px;z-index:999}
.FeaturedPost h3 a{display:block;overflow:hidden;color:#fff;font-weight:bold;font-size:17px;line-height:1.2em;text-align:center}
/* Label Sidebar */
.widget-content.cloud-label-widget-content {display:inline-block;width:100%;border-radius:0 0 5px 5px;overflow:hidden}
.widget-content.list-label-widget-content {padding:0;}
.widget-content.cloud-label-widget-content {display:inline-block;border-radius:0 0 5px 5px;overflow:hidden}
.label-size-1,.label-size-2,.label-size-3,.label-size-4,.label-size-5 {font-size:100%;opacity:1}
.cloud-label-widget-content{text-align:left;padding:10px;}
.label-count {white-space:nowrap;display:inline-block;}
.Label ul {list-style:none;margin:0;padding:0;width:100%}
.Label li{position:relative;color:#fff;padding:0;margin:0;text-align:left;max-width:100%;transition:all .3s ease-out;overflow:hidden;border-bottom:1px solid #eee}
.Label li:hover,.label-size a:hover {background:#4588f3;color:#fff;}
.Label li a,.label-size a{padding:12px 15px 15px;display:block;position:relative;line-height:1.2em;color:#aaa;text-decoration:none;transition:all .3s ease-out;font-weight:normal}
.Label li a:hover {color:#fff}
.Label li span,.label-count{float:right;height:25px;line-height:25px;padding:0 10px;text-align:center;display:inline-block;background:#4588f3;color:#fff;position:absolute;top:9px;right:11px;z-index:2;border-radius:99em;border:1px solid #fff}
.label-size{position:relative;display:block;width:100%;min-width:100%}
.label-size a{border-bottom:1px solid #eee}
/* Css Breadcrumbs */
.breadcrumbs {font-size:100%;overflow:hidden;padding:0;position:relative;color:#ccc;margin:15px 25px 0;font-size:13px;text-overflow: ellipsis;white-space: nowrap;overflow:hidden;display:block}.breadcrumbs a {color:#ddd;font-weight:normal;}
.breadcrumbs span a {color:#768187;padding:0;}
.breadcrumbs > span:last-child {width:0;color:#ccc;font-weight:300}
.breadcrumbs span a:hover {color:#333;}
.breadcrumbs a:hover {color:#333;}
/* footer-wrapper */
#footer-wrapper {margin:5px auto 0;width:100%;text-align:center;color:#a7b2c3 ;font-size:12px}
#footer-wrapper a{color:#a7b2c3 ;list-style:none }
#footer-wrapper a:hover{color:#4588f3 }
.credit-wrapper{margin:0 auto 30px;list-style:none }
#footer-1{max-width:728px;height:auto;margin:auto;padding:0;text-align:center}
#footer-1 amp-img{width:auto;height:auto}
/* Nextprev css */
#blog-pager{text-align:center;padding:5px 0 0;margin:0 20px 5px;}
#blog-pager .home-link {display:none}
#blog-pager a{display: block;border: 1px solid #4285f4;margin: 15px 0 20px;padding: 4px 12px;line-height: 25px;color: #4285f4;font-weight:400;z-index:999}
#blog-pager a:hover {text-decoration: none;color: #fff;background-color:#4285f4}
#blog-pager a.blog-pager-older-link {padding: 4px 12px;} #blog-pager a.blog-pager-older-link {float:right }
#blog-pager a.blog-pager-newer-link{float:left }
.feed-links { clear: both;display:none;}
/* Status msg */
.status-msg-body{padding:15px 0 ;}
.status-msg-wrap{background:#f8f8f8;font-weight:400;position:relative;display:block;margin:0;text-align:center;color:#888 ;border-bottom:1px solid #e8e8e8;}
.status-msg-wrap a{font-weight:700;color:#4285f4 }
.status-msg-wrap a:hover{text-decoration:underline}
.status-msg-bg{display:none}
.status-msg-border{border:0; position:relative; width:99%}

/* Responsive */
@media screen and (max-width: 992px) {
}
@media screen and (max-width:880px){
#wrapper{width:95%}
#search-box{width:300px}
.navi li a{font-size:13px}
#main-wrapper{width:60%}
.post h2{font-size:235%}
}
@media screen and (max-width:768px){
.post h2{font-size:225%}
#sidebar-wrapper{width:100%;max-width:100%;margin:auto;padding:25px 0 0;float:none}
#header-left,#main-wrapper{width:100%}
#sidebar1 .widget-content,#sidebar5 .widget-content{text-align:center }
#header-right{float:none;text-align:center;margin:0 auto 10px;padding:0;width:100%}
#header-left{float:none;text-align:center;margin:0 auto}
.logo {position:relative;display:block;margin:20px auto;text-align:center;padding:0;left:auto;top:auto}
#search-box{width:100%;margin:0 0 20px}
.navi li a{font-size:17px}
.navi ul{padding:5px 0 15px}
.navi li{margin:8px 0 0}
}
@media screen and (max-width:600px){
.post h2 {font-size:210%}
.menu ul{padding-bottom:10px}
.menu ul li{margin:10px 0 0}
.post-thumbnail{width:100%}
}
@media screen and (max-width:480px){
#sidebar-wrapper{display:none}
.post h2 {font-size:195%;padding:5px 15px 0}
.post-body{padding:15px}
.breadcrumbs{margin:15px 15px 0}
.post-info{padding:5px 15px 10px;}
#related-wrapper{margin:0 15px 11px}
#disqus_comments{margin:0 7px 0}
#blog-pager{margin:0 15px 5px;}
}
@media screen and (max-width:414px){
.post h2 {font-size:188%}
}
@media screen and (max-width:320px){
.post h2 {font-size:176%}
.logo{width:95%;height:auto;margin:15px auto}
}
@media screen and (max-width:240px){
.post h2 {font-size:149%}
}
/*]]>*/
</style>
</b:if>
<b:if cond='data:blog.pageType == &quot;static_page&quot;'>
<style amp-custom='amp-custom'>
/*<![CDATA[*/
.artbody{text-align: justify;}
body{font-family:'Roboto', sans-serif;font-size: 15px;color: #64707a;line-height:1.5em;margin: 0;text-decoration:none;background: #eef3f6}
.material-icons {vertical-align:-19%;font-size:inherit;text-rendering: optimizeLegibility;-moz-osx-font-smoothing: grayscale;}
a,a:link,a:visited,a:active {color:#4285f4;text-decoration:none;}a:hover{color:#2057b1}
.left{float:left}.right{float:right}
h2.date-header{display:none}
.quickedit {height:0;width:0;display:none }
.feed-links {display:none;}
.clear {clear:both}
/* Header wrapper */
#wrapper {width:970px;overflow:hidden;margin:0 auto;padding:0;}
#header-wrapper{width:100%;margin:0 auto 25px;padding:0;word-wrap: break-word;}
#header-left{padding:0; margin:0; width:50%; float:left;position:relative;}
#header-right {margin:0;padding:0;float:right;width:50%}
.logo {position:absolute;left:0;top:23px;z-index:1;width:280px;}
#header .description{position:absolute;top:-999px;left:-99999px}
#header{position:absolute;top:-9999px;left:-9999px}
/* Pencarian */
#search-box{position:relative;width:400px;margin:25px 0;float:right}
#cse-search-box{background:#f5f8fa;position:relative;line-height:1.5em;margin:0;padding:0;font-weight:normal;font-weight:normal;border:1px solid #a0d3fb;overflow:hidden;border-radius:5px;}
.search-form{background:transparent;border:none;color:#fff;width:100%;padding:13px 20px 13px 10px;color:#777;outline:none;font-weight:400;margin:0;-moz-box-sizing:border-box;box-sizing:border-box;font-size:16px}
.search-button{background:transparent;width:40px;height:30px;line-height:29px;padding:8px 10px 20px 0;text-align:center;margin:0;top:0;right:0;font-size:25px;color:#fff;position:absolute;border:none;border-radius:0;text-shadow:none;box-shadow:none;cursor:pointer;text-shadow:1px 0 0 #aaa}
.search-form:focus,.search-form:hover,.search-button:focus,.search-button:hover{background:#f5f8fa;outline:none;border:none;outline:0;color:#aaa}
.search-button:hover{color:#fff;text-shadow:1px 0 0 #aaa}
/* Menu */
.navi{clear:both;font-family:'Roboto', sans-serif;width:100%;padding:0;margin:0 auto 20px;z-index:999}
.navi ul{background:#4588f3;margin:0 auto;padding:0;text-align:center;border-radius:5px}
.navi li{display:inline-block;margin:15px 0}.navi li a{display:block;color:#fff;font-weight:normal;font-weight:normal;padding:0 11px;font-size:18px;}
.navi li a:hover{color:#86dfff }
.menu{margin:0 auto;padding:0;position:relative}
.menu ul{margin:0 auto;padding:0;text-align:center;max-width:970px;margin:0 auto}
.menu ul li{display:inline-block;margin:12px 0 7px}
.menu ul li a{display:block;color:#4588f3;padding:0 5px;font-size:15px}
.menu ul li a:hover{color:#a7b2c3}
/* ads wrapper */
#ads-wrapper{width:100%;max-width:100%;margin:auto;padding:0;text-align:center}
#ads-wrapper .widget-content{margin:0 auto 20px;padding:0}
#ads-wrapper .widget-content amp-img{width:auto;max-width:100%;height:auto;margin:0 auto 15px}
/* Main wrapper */
#main-wrapper {background:#fff;width:67.5%;float: left;padding: 0;margin:0 auto;word-wrap: break-word;overflow: hidden;border-radius:5px}
/* Static Page */
#main-wrapper{min-height:500px;width:100%}
#sidebar-wrapper, .breadcrumbs, #comments,#blog-pager,.blog-pager{display:none }
.post h1{color:#fff ;margin:55px auto 5px;text-align:center;padding:20px 15px;font-size:155% ;line-height:1.3em;font-weight:bold;display:block}
.post-body{padding:30px}
.post{margin:0 auto 10px;padding:0;}
.post-body amp-img{width:auto;height:auto}
/* bullet dan nummber */
.post-body ul {margin: 5px 0 5px 10px;padding: 0 0 0 20px;list-style-type: inherit;}
.post-body ol {margin: 5px 0 5px 10px;padding: 0 0 0 20px;list-style-type: decimal;}
/* Ribbon */
.ribbon-title{position:relative;z-index:1}
.ribbon{width:60%;position:relative;background:#4588f3}
.ribbon:after,.ribbon:before{content:"";position:absolute;display:block;top:-1em;border:1.5em solid #0064c9;z-index:-1}
.ribbon:before{left:-2em;border-right-width:1.5em;border-left-color:transparent}
.ribbon:after{right:-2em;border-left-width:1.5em;border-right-color:transparent}
.ribbon .ribbon-content:after,.ribbon .ribbon-content:before{content:"";position:absolute;display:block;border-style:solid;border-color:transparent transparent #004cad;top:-1em}
.ribbon .ribbon-content:before{left:0;border-width:0 0 1em 1em}
.ribbon .ribbon-content:after{right:0;border-width:0 1em 1em 0}
/* footer-wrapper */
#footer-wrapper {margin:5px auto 0;width:100%;text-align:center;color:#a7b2c3 ;font-size:12px}
#footer-wrapper a{color:#a7b2c3 ;list-style:none }
#footer-wrapper a:hover{color:#4588f3 }
.credit-wrapper{margin:0 auto 30px;list-style:none }
#footer-1{max-width:728px;height:auto;margin:auto;padding:0;text-align:center}
#footer-1 amp-img{width:auto;height:auto}

/* Responsive */
@media screen and (max-width: 992px) {
}
@media screen and (max-width:880px){
#wrapper{width:95%}
#search-box{width:300px}
.navi li a{font-size:13px}
}
@media screen and (max-width:768px){
#header-left,#main-wrapper{width:100%}
#sidebar1 .widget-content,#sidebar5 .widget-content{text-align:center }
#header-right{float:none;text-align:center;margin:0 auto 10px;padding:0;width:100%}
#header-left{float:none;text-align:center;margin:0 auto}
.logo {position:relative;display:block;margin:20px auto;text-align:center;padding:0;left:auto;top:auto}
#search-box{width:100%;margin:0 0 20px}
.navi li a{font-size:17px}
.navi ul{padding:5px 0 15px}
.navi li{margin:8px 0 0}
}
@media screen and (max-width:600px){
.menu ul{padding-bottom:10px}
.menu ul li{margin:10px 0 0}
}
@media screen and (max-width:480px){
.post h1 {font-size:120%}
.post-body{padding:15px}
}
@media screen and (max-width:320px){
.logo{width:95%;height:auto;margin:15px auto}
}
/*]]>*/
</style>
</b:if>
<b:if cond='data:blog.pageType == &quot;error_page&quot;'>
<style amp-custom='amp-custom'>
/*<![CDATA[*/
/* Error 404 */
.material-icons {vertical-align:-19%;font-size:inherit;text-rendering: optimizeLegibility;-moz-osx-font-smoothing: grayscale;}
body {font-family:'Open Sans',Arial,Sans-serif;background:#e3e3df;margin:0;padding:0;color:#cacac5;font-size:23px;border-top:5px solid #4285f4}
#pesanerror{position:relative;display:block;margin:0 auto;padding:0;text-align:center;list-style:none}
#pesanerror i{font-size:345px;padding:0;margin:auto;display:block}
#animeerror{width:100%;margin:40px auto;padding:0;text-align:center;display:block;list-style:none}
#pesanerror a.homelink{color:#c9c9c4;text-transform:uppercase;font-size:17px;font-weight:bold;padding:15px;margin:auto;text-decoration:none;border:1px solid #c9c9c4;background:#e7e7e3}
#pesanerror a:hover .homelink{background:#e3e3df}
#animeerror h3{padding:0;margin:0;color:#c9c9c4;}
/*]]>*/
</style>
</b:if>
<style amp-boilerplate='amp-boilerplate'>body{-webkit-animation:-amp-start 8s steps(1,end) 0s 1 normal both;-moz-animation:-amp-start 8s steps(1,end) 0s 1 normal both;-ms-animation:-amp-start 8s steps(1,end) 0s 1 normal both;animation:-amp-start 8s steps(1,end) 0s 1 normal both}@-webkit-keyframes -amp-start{from{visibility:hidden}to{visibility:visible}}@-moz-keyframes -amp-start{from{visibility:hidden}to{visibility:visible}}@-ms-keyframes -amp-start{from{visibility:hidden}to{visibility:visible}}@-o-keyframes -amp-start{from{visibility:hidden}to{visibility:visible}}@keyframes -amp-start{from{visibility:hidden}to{visibility:visible}}</style>
<noscript><style amp-boilerplate='amp-boilerplate'>body{-webkit-animation:none;-moz-animation:none;-ms-animation:none;animation:none}</style></noscript>
<script async='async' src='https://cdn.ampproject.org/v0.js'/>
<script async='async' custom-element='amp-analytics' src='https://cdn.ampproject.org/v0/amp-analytics-0.1.js'/>
<script async='async' custom-element='amp-form' src='https://cdn.ampproject.org/v0/amp-form-0.1.js'/>
<b:if cond='data:blog.pageType == &quot;item&quot;'>
<script async='async' custom-element='amp-iframe' src='https://cdn.ampproject.org/v0/amp-iframe-0.1.js'/>
<script async='async' custom-element='amp-social-share' src='https://cdn.ampproject.org/v0/amp-social-share-0.1.js'/>
  </b:if>
<!-- // kalau elemen di bawah mau digunakan, pindahkan custom elemen ini ke atas, di luar pembatas ini <script async='async' custom-element='amp-ad' src='https://cdn.ampproject.org/v0/amp-ad-0.1.js'/> <script async='async' custom-element='amp-carousel' src='https://cdn.ampproject.org/v0/amp-carousel-0.1.js'/> <script async='async' custom-element='amp-accordion' src='https://cdn.ampproject.org/v0/amp-accordion-0.1.js'/> <script async='async' custom-element='amp-facebook' src='https://cdn.ampproject.org/v0/amp-facebook-0.1.js'/> <script async='async' custom-element='amp-sidebar' src='https://cdn.ampproject.org/v0/amp-sidebar-0.1.js'/> <script async='async' custom-element='amp-youtube' src='https://cdn.ampproject.org/v0/amp-youtube-0.1.js'/> <script async='async' custom-element='amp-image-lightbox' src='https://cdn.ampproject.org/v0/amp-image-lightbox-0.1.js'/> <script async='async' custom-element='amp-list' src='https://cdn.ampproject.org/v0/amp-list-0.1.js'/> <script async='async' custom-template='amp-mustache' src='https://cdn.ampproject.org/v0/amp-mustache-0.1.js'/> <script async='async' custom-element='amp-install-serviceworker' src='https://cdn.ampproject.org/v0/amp-install-serviceworker-0.1.js'/> -->

&lt;/head&gt;&lt;!--<head/>--&gt;
  <body itemscope='itemscope' itemtype='https://schema.org/WebPage'>
<amp-analytics id='analytics1' type='googleanalytics'>
<script type='application/ld+json'>
{
  &quot;vars&quot;: {
    &quot;account&quot;: &quot;UA-58221769-3&quot;
  },
  &quot;triggers&quot;: {
    &quot;trackPageview&quot;: {
      &quot;on&quot;: &quot;visible&quot;,
      &quot;request&quot;: &quot;pageview&quot;
    }
  }
}
</script>
</amp-analytics>
  <b:if cond='data:blog.pageType != &quot;error_page&quot;'>
<div itemprop='mainContentOfPage' itemscope='itemscope' itemtype='https://schema.org/WebPageElement'>
  <div id='wrapper'>
<div id='header-wrapper'>
<div id='header-left'>
<div class='logo'>
<a expr:title='data:blog.title' href='/'><amp-img alt='logo blog' expr:title='data:blog.title' height='50' layout='responsive' src='https://3.bp.blogspot.com/-G5S_F-DgPCo/VhqRMewMPZI/AAAAAAAAF1Y/QoRTmq1-hs8/s1600/headerss.png' width='280'/></a>
<div class='clear'/>
</div>
<header itemprop='mainEntity' itemscope='itemscope' itemtype='https://schema.org/WPHeader'>
  <b:section class='header' id='header' maxwidgets='1' showaddelement='yes'>
    <b:widget id='Header1' locked='false' title='Noname AMP (Header)' type='Header' version='1'>
      <b:widget-settings>
        <b:widget-setting name='displayUrl'/>
        <b:widget-setting name='displayHeight'>0</b:widget-setting>
        <b:widget-setting name='sectionWidth'>-1</b:widget-setting>
        <b:widget-setting name='useImage'>false</b:widget-setting>
        <b:widget-setting name='shrinkToFit'>false</b:widget-setting>
        <b:widget-setting name='imagePlacement'>BEHIND</b:widget-setting>
        <b:widget-setting name='displayWidth'>0</b:widget-setting>
      </b:widget-settings>
      <b:includable id='main'>

  <b:if cond='data:useImage'>
    <b:if cond='data:imagePlacement == &quot;BEHIND&quot;'>
      <!--
      Show image as background to text. You can't really calculate the width
      reliably in JS because margins are not taken into account by any of
      clientWidth, offsetWidth or scrollWidth, so we don't force a minimum
      width if the user is using shrink to fit.
      This results in a margin-width's worth of pixels being cropped. If the
      user is not using shrink to fit then we expand the header.
      -->
      <b:if cond='data:mobile'>
        <div id='header-inner'>
          <div class='titlewrapper' style='background: transparent'>
            <h1 class='title' itemprop='headline' style='background: transparent; border-width: 0px'><b:if cond='data:blog.pageType != &quot;item&quot;'> <b:include name='title'/> <b:else/> <data:blog.pageName/> </b:if></h1>
          </div>
          <b:include name='description'/>
        </div>
      <b:else/>
        <div expr:style='&quot;background-image: url(\&quot;&quot; + data:sourceUrl + &quot;\&quot;); &quot;                      + &quot;background-position: &quot;                      + data:backgroundPositionStyleStr + &quot;; &quot;                      + data:widthStyleStr                      + &quot;min-height: &quot; + data:height                      + &quot;_height: &quot; + data:height                      + &quot;background-repeat: no-repeat; &quot;' id='header-inner'>
          <div class='titlewrapper' style='background: transparent'>
            <h1 class='title' itemprop='headline' style='background: transparent; border-width: 0px'><b:if cond='data:blog.pageType != &quot;item&quot;'> <b:include name='title'/> <b:else/> <data:blog.pageName/> </b:if></h1>
          </div>
          <b:include name='description'/>
        </div>
      </b:if>
    <b:else/>
      <!--Show the image only-->
      <div id='header-inner'>
        <a expr:href='data:blog.homepageUrl' style='display: block'>
          <img expr:alt='data:title' expr:height='data:height' expr:id='data:widget.instanceId + &quot;_headerimg&quot;' expr:src='data:sourceUrl' expr:width='data:width' style='display: block'/>
        </a>
        <!--Show the description-->
        <b:if cond='data:imagePlacement == &quot;BEFORE_DESCRIPTION&quot;'>
          <b:include name='description'/>
        </b:if>
      </div>
    </b:if>
  <b:else/>
    <!--No header image -->
    <div id='header-inner'>
      <div class='titlewrapper'>
<b:if cond='data:blog.pageType == &quot;index&quot;'>
        <h1 class='title' itemprop='headline name'><a expr:href='data:blog.homepageUrl' expr:title='data:blog.title' itemprop='url'><data:title/></a></h1>
	<b:else/>
<b:if cond='data:blog.pageType == &quot;static_page&quot;'>
<h2 class='title' itemprop='headline name'><a expr:href='data:blog.homepageUrl' expr:title='data:blog.title' itemprop='url'><data:title/></a></h2>
	<b:else/>
<b:if cond='data:blog.pageType == &quot;item&quot;'>
        <h1 class='title' itemprop='name headline'><a expr:href='data:blog.url' expr:title='data:blog.pageName' itemprop='url'><data:blog.pageName/></a></h1>
	<b:else/>
<data:title/>
  </b:if>
  </b:if>
  </b:if>
      </div>
      <b:include name='description'/>
    </div>
  </b:if>
</b:includable>
      <b:includable id='description'>
<b:if cond='data:blog.pageType != &quot;item&quot;'>
  <div class='descriptionwrapper'>
    <p class='description' itemprop='description'><span><data:description/></span></p>
  </div>
  </b:if>
</b:includable>
      <b:includable id='title' itemprop='name'>
  <b:if cond='data:blog.url == data:blog.homepageUrl'>
    <data:title/>
  <b:else/>
    <a expr:href='data:blog.homepageUrl' itemprop='url'><data:title/></a>
  </b:if>
</b:includable>
    </b:widget>
  </b:section>
  </header>
  </div>
<div class='clear'/>
<div id='header-right'>
<div id='search-box'>
<div id='cse-search-box'>
<form action='/search' itemprop='potentialAction' itemscope='itemscope' itemtype='https://schema.org/SearchAction' method='get' target='_blank'>
<meta content='https://nonameamp.blogspot.com/search?q={q}' itemprop='target'/>
<input class='search-form' id='feed-q-input' itemprop='query-input' name='q' placeholder='Search here...' required='required' type='text'/>
<button class='search-button' title='Search here...' type='submit'><i class='material-icons'>&#59574;</i></button>
</form>
  </div>
  </div>
</div>
</div>
    <div id='content-wrapper'>
<nav class='navi' itemprop='mainEntity' itemscope='itemscope' itemtype='https://schema.org/SiteNavigationElement'><ul>
<li><a href='#' itemprop='url' rel='tag nofollow' title='Menu 1'><span itemprop='name'>Aku</span></a></li>
<li><a href='#' itemprop='url' rel='tag nofollow' title='Menu 2'><span itemprop='name'>Sayang</span></a></li>
<li><a href='#' itemprop='url' rel='tag nofollow' title='Menu 3'><span itemprop='name'>Banget</span></a></li>
<li><a href='#' itemprop='url' rel='tag nofollow' title='Menu 4'><span itemprop='name'>Sama</span></a></li>
<li><a href='#' itemprop='url' rel='tag nofollow' title='Menu 5'><span itemprop='name'>Kamu</span></a></li>
<li><a href='#' itemprop='url' rel='tag nofollow' title='Menu 6'><span itemprop='name'>Page Menu6</span></a></li>
<li class='last'><a href='#' itemprop='url' rel='tag nofollow' title='Menu 7'><span itemprop='name'>Page Menu7</span></a></li>
</ul></nav>
      <div id='main-wrapper'>
<div itemscope='itemscope' itemtype='https://schema.org/Blog'>
<b:section class='main' id='main' showaddelement='no'>
  <b:widget id='Blog1' locked='true' title='Posting Blog' type='Blog' version='1'>
    <b:widget-settings>
      <b:widget-setting name='showDateHeader'>true</b:widget-setting>
      <b:widget-setting name='style.textcolor'>#000000</b:widget-setting>
      <b:widget-setting name='showShareButtons'>false</b:widget-setting>
      <b:widget-setting name='authorLabel'>By</b:widget-setting>
      <b:widget-setting name='showCommentLink'>false</b:widget-setting>
      <b:widget-setting name='style.urlcolor'>#008000</b:widget-setting>
      <b:widget-setting name='showAuthor'>true</b:widget-setting>
      <b:widget-setting name='style.linkcolor'>#0000ff</b:widget-setting>
      <b:widget-setting name='style.unittype'>TextAndImage</b:widget-setting>
      <b:widget-setting name='style.bgcolor'>#ffffff</b:widget-setting>
      <b:widget-setting name='showAuthorProfile'>true</b:widget-setting>
      <b:widget-setting name='style.layout'>1x1</b:widget-setting>
      <b:widget-setting name='showLabels'>true</b:widget-setting>
      <b:widget-setting name='showLocation'>false</b:widget-setting>
      <b:widget-setting name='showTimestamp'>true</b:widget-setting>
      <b:widget-setting name='postsPerAd'>1</b:widget-setting>
      <b:widget-setting name='showBacklinks'>false</b:widget-setting>
      <b:widget-setting name='style.bordercolor'>#ffffff</b:widget-setting>
      <b:widget-setting name='showInlineAds'>false</b:widget-setting>
      <b:widget-setting name='showReactions'>false</b:widget-setting>
    </b:widget-settings>
    <b:includable id='main' var='top'>
    <b:include data='posts' name='breadcrumb'/>
  <b:if cond='data:mobile == &quot;false&quot;'>
    <!-- posts -->
    <div class='blog-posts hfeed'>

      <b:include data='top' name='status-message'/>

      <data:defaultAdStart/>
      <b:loop values='data:posts' var='post'>
        <b:if cond='data:post.isDateStart'>
          <b:if cond='data:post.isFirstPost == &quot;false&quot;'>
            &lt;/div&gt;&lt;/div&gt;
          </b:if>
        </b:if>
        <b:if cond='data:post.isDateStart'>
          &lt;div class=&quot;date-outer&quot;&gt;
        </b:if>
        <b:if cond='data:post.dateHeader'>
          <h2 class='date-header'><span><data:post.dateHeader/></span></h2>
        </b:if>
        <b:if cond='data:post.isDateStart'>
          &lt;div class=&quot;date-posts&quot;&gt;
        </b:if>
        <div class='post-outer'>
        <b:include data='post' name='post'/>
        <b:if cond='data:blog.pageType == &quot;static_page&quot;'>
          <b:if cond='data:post.showThreadedComments'>
            <b:include data='post' name='threaded_comments'/>
          <b:else/>
            <b:include data='post' name='comments'/>
          </b:if>
        </b:if>
        <b:if cond='data:blog.pageType == &quot;item&quot;'>
          <b:if cond='data:post.showThreadedComments'>
            <b:include data='post' name='threaded_comments'/>
          <b:else/>
            <b:include data='post' name='comments'/>
          </b:if>
        </b:if>
        </div>
        <b:if cond='data:post.includeAd'>
          <b:if cond='data:post.isFirstPost'>
            <data:defaultAdEnd/>
          <b:else/>
            <data:adEnd/>
          </b:if>
          <div class='inline-ad'>
            <data:adCode/>
          </div>
          <data:adStart/>
        </b:if>
      </b:loop>
      <b:if cond='data:numPosts != 0'>
        &lt;/div&gt;&lt;/div&gt;
      </b:if>
      <data:adEnd/>
    </div>

    <!-- navigation -->
    <b:include name='nextprev'/>

    <!-- feed links -->
    <b:include name='feedLinks'/>
  <b:else/>
    <b:include name='mobile-main'/>
  </b:if>
</b:includable>
    <b:includable id='backlinkDeleteIcon' var='backlink'>
  <span expr:class='&quot;item-control &quot; + data:backlink.adminClass'>
    <a expr:href='data:backlink.deleteUrl' expr:title='data:top.deleteBacklinkMsg'>
      <amp-img src='//www.blogger.com/img/icon_delete13.gif'/>
    </a>
  </span>
</b:includable>
    <b:includable id='backlinks' var='post'>
  <a name='links'/><h4><data:post.backlinksLabel/></h4>
  <b:if cond='data:post.numBacklinks != 0'>
    <dl class='comments-block' id='comments-block'>
      <b:loop values='data:post.backlinks' var='backlink'>
        <div class='collapsed-backlink backlink-control'>
          <dt class='comment-title'>
            <span class='backlink-toggle-zippy'>&#160;</span>
            <a expr:href='data:backlink.url' rel='nofollow'><data:backlink.title/></a>
            <b:include data='backlink' name='backlinkDeleteIcon'/>
          </dt>
          <dd class='comment-body collapseable'>
            <data:backlink.snippet/>
          </dd>
          <dd class='comment-footer collapseable'>
            <span class='comment-author'><data:post.authorLabel/> <data:backlink.author/></span>
            <span class='comment-timestamp'><data:post.timestampLabel/> <data:backlink.timestamp/></span>
          </dd>
        </div>
      </b:loop>
    </dl>
  </b:if>
  <p class='comment-footer'>
    <a class='comment-link' expr:href='data:post.createLinkUrl' expr:id='data:widget.instanceId + &quot;_backlinks-create-link&quot;' target='_blank'><data:post.createLinkLabel/></a>
  </p>
</b:includable>
    <b:includable id='breadcrumb' var='posts'>
<b:if cond='data:blog.homepageUrl != data:blog.url'>
<b:if cond='data:blog.pageType == &quot;static_page&quot;'>
<div class='breadcrumbs'><span class='breadhome'><a expr:href='data:blog.homepageUrl' rel='tag'>Home </a> &#8250; </span><span class='breadlabel'><data:blog.pageName/></span></div>
<b:else/>
<b:if cond='data:blog.pageType == &quot;item&quot;'>
<!-- breadcrumb for the post page -->
<b:loop values='data:posts' var='post'>
<b:if cond='data:post.labels'>
<div class='breadcrumbs'>
<span class='breadhome'><a expr:href='data:blog.homepageUrl' property='v:title' rel='v:url'>Home</a> &#8250; </span>
<b:loop values='data:post.labels' var='label'>
<span class='breadlabel'><a expr:href='data:label.url + &quot;?&amp;amp;max-results=7&quot;' property='v:title' rel='v:url'><data:label.name/></a> &#8250; </span>
</b:loop>
<span class='breadlabel'><data:post.title/></span>
</div>
<b:else/>
<div class='breadcrumbs'><span class='breadhome'><a expr:href='data:blog.homepageUrl' rel='tag'>Home</a> &#8250; </span><span class='breadlabel'>Unlabelled</span> &#8250; <span class='breadlabel'><data:post.title/></span></div>
</b:if>
</b:loop>
<b:else/>
<b:if cond='data:blog.pageType == &quot;archive&quot;'>
<!-- breadcrumb for the label archive page and search pages.. -->
<div class='breadcrumbs'>
<span class='breadhome'><a expr:href='data:blog.homepageUrl'>Home </a> &#8250; </span><span>Archives for <data:blog.pageName/></span>
</div>
<b:else/>
<b:if cond='data:blog.pageType == &quot;index&quot;'>
<div class='breadcrumbs'>
<b:if cond='data:blog.pageName == &quot;&quot;'>
<span class='breadhome'><a expr:href='data:blog.homepageUrl'>Home</a> &#8250; </span><span class='breadlabel'>All posts </span>
<b:else/>
<span class='breadhome'> <a expr:href='data:blog.homepageUrl'>Home</a> &#8250; </span><span class='breadlabel'>Posts filed under <data:blog.pageName/></span>
</b:if>
</div>
</b:if>
</b:if>
</b:if>
</b:if>
</b:if>
</b:includable>
    <b:includable id='comment-form' var='post'/>
    <b:includable id='commentDeleteIcon' var='comment'/>
    <b:includable id='comment_count_picker' var='post'/>
    <b:includable id='comment_picker' var='post'/>
    <b:includable id='comments' var='post'/>
    <b:includable id='feedLinks'>
  <b:if cond='data:blog.pageType != &quot;item&quot;'> <!-- Blog feed links -->
    <b:if cond='data:feedLinks'>
      <div class='blog-feeds'>
        <b:include data='feedLinks' name='feedLinksBody'/>
      </div>
    </b:if>

    <b:else/> <!--Post feed links -->
    <div class='post-feeds'>
      <b:loop values='data:posts' var='post'>
        <b:if cond='data:post.allowComments'>
          <b:if cond='data:post.feedLinks'>
            <b:include data='post.feedLinks' name='feedLinksBody'/>
          </b:if>
        </b:if>
      </b:loop>
    </div>
  </b:if>
</b:includable>
    <b:includable id='feedLinksBody' var='links'>
</b:includable>
    <b:includable id='iframe_comments' var='post'>
  <b:if cond='data:post.allowIframeComments'>
    <script expr:src='data:post.iframeCommentSrc'/>
    <div class='cmt_iframe_holder' expr:data-href='data:post.canonicalUrl' expr:data-viewtype='data:post.viewType'/>

    <b:if cond='data:post.embedCommentForm == &quot;false&quot;'>
      <a expr:href='data:post.addCommentUrl' expr:onclick='data:post.addCommentOnclick'><data:postCommentMsg/></a>
    </b:if>
  </b:if>
</b:includable>
    <b:includable id='mobile-index-post' var='post'>
  <div class='mobile-date-outer date-outer'>

    <div class='mobile-post-outer'>
	  <b:if cond='data:post.thumbnailUrl'>
		<div class='mobile-index-thumbnail'>
		  <div class='Image'>
			<img expr:src='data:post.thumbnailUrl'/>
		  </div>
		</div>
		<b:else/>
		<div class='mobile-index-thumbnail'>
		  <div class='Image'>
			<img expr:alt='data:post.title' expr:title='data:post.title' src='https://2.bp.blogspot.com/-ex3V86fj4dQ/UrCQQa4cLsI/AAAAAAAAFdA/j2FCTmGOrog/s184/no-thumbnail.png'/>
		  </div>
		</div>
       </b:if>
      <a expr:href='data:post.url'>
        <h3 class='mobile-index-title entry-title' itemprop='name'>
          <data:post.title/>
        </h3>
	  </a>

        <div class='mobile-index-contents'>
          <div class='post-body'>
            <b:if cond='data:post.snippet'><data:post.snippet/></b:if>
          </div>
        </div>

        <div class='clear'/>

    </div>

  </div>
</b:includable>
    <b:includable id='mobile-main' var='top'>
    <!-- posts -->
    <div class='blog-posts hfeed'>

      <b:include data='top' name='status-message'/>

      <b:if cond='data:blog.pageType == &quot;index&quot;'>
        <b:loop values='data:posts' var='post'>
          <b:include data='post' name='mobile-index-post'/>
        </b:loop>
      <b:else/>
        <b:loop values='data:posts' var='post'>
          <b:include data='post' name='mobile-post'/>
        </b:loop>
      </b:if>
    </div>

   <b:include name='mobile-nextprev'/>
</b:includable>
    <b:includable id='mobile-nextprev'>
  <div class='blog-pager' id='blog-pager'>
    <b:if cond='data:newerPageUrl'>
      <div class='mobile-link-button' id='blog-pager-newer-link'>
      <a class='blog-pager-newer-link' expr:href='data:newerPageUrl' expr:id='data:widget.instanceId + &quot;_blog-pager-newer-link&quot;' expr:title='data:newerPageTitle'>&amp;lsaquo;</a>
      </div>
    </b:if>

    <b:if cond='data:olderPageUrl'>
      <div class='mobile-link-button' id='blog-pager-older-link'>
      <a class='blog-pager-older-link' expr:href='data:olderPageUrl' expr:id='data:widget.instanceId + &quot;_blog-pager-older-link&quot;' expr:title='data:olderPageTitle'>&amp;rsaquo;</a>
      </div>
    </b:if>

    <div class='mobile-link-button' id='blog-pager-home-link'>
    <a class='home-link' expr:href='data:blog.homepageUrl'><data:homeMsg/></a>
    </div>

    <div class='mobile-desktop-link'>
      <a class='home-link' expr:href='data:desktopLinkUrl'><data:desktopLinkMsg/></a>
    </div>

  </div>
  <div class='clear'/>
</b:includable>
    <b:includable id='mobile-post' var='post'>
  <div class='date-outer'>
    <b:if cond='data:post.dateHeader'>
      <h2 class='date-header'><span><data:post.dateHeader/></span></h2>
    </b:if>
    <div class='date-posts'>
      <div class='post-outer'>

        <div class='post hentry uncustomized-post-template'>
          <a expr:name='data:post.id'/>
          <b:if cond='data:post.title'>
            <h1 class='post-title entry-title' style='margin: 10px 0;font-size: 17px;'>
              <b:if cond='data:post.link'>
                <a expr:href='data:post.link' expr:title='data:post.title'><data:post.title/></a>
              <b:else/>
                <b:if cond='data:post.url'>
                  <b:if cond='data:blog.url != data:post.url'>
                    <a expr:href='data:post.url' expr:title='data:post.title'><data:post.title/></a>
                  <b:else/>
                    <data:post.title/>
                  </b:if>
                <b:else/>
                  <data:post.title/>
                </b:if>
              </b:if>
            </h1>
          </b:if>

          <div class='post-header'>
            <div class='post-header-line-1'/>
          </div>

          <div class='post-body entry-content' expr:id='&quot;post-body-&quot; + data:post.id'>

            <data:post.body/>

            <div class='clear'/> <!-- clear for photos floats -->
          </div>

          <div class='post-footer'>
            <div class='post-footer-line post-footer-line-1'>
            </div>

            <div class='post-footer-line post-footer-line-2'>
            </div>

          </div>
        </div>

        <b:if cond='data:blog.pageType == &quot;static_page&quot;'>
          <b:if cond='data:post.showThreadedComments'>
            <b:include data='post' name='threaded_comments'/>
          <b:else/>
            <b:include data='post' name='comments'/>
          </b:if>
        </b:if>
        <b:if cond='data:blog.pageType == &quot;item&quot;'>
          <b:if cond='data:post.showThreadedComments'>
            <b:include data='post' name='threaded_comments'/>
          <b:else/>
            <b:include data='post' name='comments'/>
          </b:if>
        </b:if>
      </div>
    </div>
  </div>
</b:includable>
    <b:includable id='nextprev'>
  <div class='blog-pager' id='blog-pager'>
    <b:if cond='data:newerPageUrl'>
      <span id='blog-pager-newer-link'>
      <a class='blog-pager-newer-link' expr:href='data:newerPageUrl' expr:id='data:widget.instanceId + &quot;_blog-pager-newer-link&quot;' expr:title='data:newerPageTitle'>&amp;lsaquo; Newer Post</a>
      </span>
    </b:if>

    <b:if cond='data:olderPageUrl'>
      <span id='blog-pager-older-link'>
      <a class='blog-pager-older-link' expr:href='data:olderPageUrl' expr:id='data:widget.instanceId + &quot;_blog-pager-older-link&quot;' expr:title='data:olderPageTitle'>Older Post &amp;rsaquo;</a>
      </span>
    </b:if>

    <a class='home-link' expr:href='data:blog.homepageUrl'><data:homeMsg/></a>

    <b:if cond='data:mobileLinkUrl'>
      <div class='blog-mobile-link'>
        <a expr:href='data:mobileLinkUrl'><data:mobileLinkMsg/></a>
      </div>
    </b:if>

  </div>
  <div class='clear'/>
</b:includable>
    <b:includable id='post' var='post'>
  <article class='post hentry' itemprop='blogPost' itemscope='itemscope' itemtype='https://schema.org/BlogPosting'>
<b:if cond='data:post.firstImageUrl'>
<div itemprop='image' itemscope='itemscope' itemtype='https://schema.org/ImageObject'>
  <meta expr:content='data:post.firstImageUrl' itemprop='url'/>
  <meta content='600' itemprop='width'/>
  <meta content='300' itemprop='height'/>
  </div>
    </b:if>
<b:if cond='data:blog.pageType != &quot;static_page&quot;'>
    <a expr:name='data:post.id'/>
    <b:if cond='data:post.title'>
      <h2 class='post-title entry-title' itemprop='name headline'>
        <b:if cond='data:post.link'>
	    <a expr:href='data:post.link' expr:title='data:post.title' itemprop='url mainEntityOfPage'><data:post.title/></a>
		<b:else/>
		<b:if cond='data:post.url'>
		<a expr:href='data:post.url' expr:title='data:post.title' itemprop='url mainEntityOfPage'><data:post.title/></a> 
		<b:else/>
	    <data:post.title/>
	    </b:if> 
	    </b:if>
      </h2>
    </b:if>
    <b:else/>
    <b:if cond='data:post.title'>
      <div class='ribbon-title'><h1 class='post-title ribbon entry-title' itemprop='name headline'><strong class='ribbon-content'>
      <b:if cond='data:post.link'>
        <a expr:href='data:post.link' expr:title='data:post.title' itemprop='url mainEntityOfPage'><data:post.title/></a>
      <b:else/>
        <b:if cond='data:post.url'>
          <b:if cond='data:blog.url != data:post.url'>
            <a expr:href='data:post.url' expr:title='data:post.title' itemprop='url mainEntityOfPage'><data:post.title/></a>
          <b:else/>
            <data:post.title/>
          </b:if>
        <b:else/>
          <data:post.title/>
        </b:if>
      </b:if>
        </strong></h1></div>
    </b:if>
</b:if> 
    <div class='post-header'>
    <div class='post-header-line-1'>
<b:if cond='data:blog.pageType != &quot;static_page&quot;'>
<div class='post-info'><!-- Info untuk homepage dan postingan -->
<span class='post-author vcard' itemprop='author' itemscope='itemscope' itemtype='https://schema.org/Person'><b:if cond='data:top.showAuthor'><data:top.authorLabel/></b:if> <a expr:href='data:post.authorProfileUrl' itemprop='url' rel='author' title='author profile'><span itemprop='name'><data:post.author/></span></a></span> - <b:if cond='data:post.labels'><span class='post-label'><b:loop values='data:post.labels' var='label'><a expr:href='data:label.url + &quot;?&amp;amp;max-results=5&quot;' rel='tag nofollow'><span itemprop='keywords'><data:label.name/></span></a><b:if cond='data:label.isLast != &quot;true&quot;'>,</b:if> </b:loop>             
		 </span>
	  </b:if></div>
      </b:if></div>    </div>
	<b:if cond='data:post.firstImageUrl'>
		<div itemType='https://schema.org/WebPage' itemprop='mainEntityOfPage' itemscope='itemscope'/>
		<div itemprop='image' itemscope='itemscope' itemtype='https://schema.org/ImageObject'>
			<meta expr:content='data:post.snippet' property='twitter:description'/>
			<meta expr:content='data:post.firstImageUrl' itemprop='url'/>
			<meta content='auto' itemprop='width'/>
			<meta content='auto' itemprop='height'/>
		</div>
		<meta expr:content='data:blog.title' itemprop='name'/>

	  </b:if>
<b:if cond='data:blog.pageType != &quot;static_page&quot;'>
	<b:if cond='data:blog.pageType != &quot;item&quot;'>
		<b:if cond='data:post.firstImageUrl'>
			<a expr:href='data:post.url'>
				<amp-img alt='thumbnail' expr:src='resizeImage(data:post.firstImageUrl,556)' height='343' layout='responsive' width='556'/>
			</a>
			<b:else/>
			<a expr:href='data:post.url'>
				<amp-img alt='thumbnail' height='333' layout='responsive' src='https://4.bp.blogspot.com/-i_6lnKy8NU4/WCRylC1DQrI/AAAAAAAANnk/kTX9v5v32XMHuJ70c8Ms_e3cZo5T18gywCLcB/s1600/default-thumbnail.png' width='556'/>
			</a>
		</b:if>
	</b:if>
</b:if>

<b:if cond='data:blog.pageType == &quot;item&quot;'>
	<div class='image-wrapper'>
		<div class='post-firstimage'>
			<b:if cond='data:blog.postImageUrl'>
				<div class='firstimage'>
					<amp-img expr:alt='data:post.title' expr:src='resizeImage(data:post.firstImageUrl,556)' expr:title='data:post.title' height='333' layout='responsive' width='556'/>
				</div>
				<b:else/>
				<div class='firstimage'>
					<amp-img expr:alt='data:post.title' height='333' layout='responsive' src='https://4.bp.blogspot.com/-i_6lnKy8NU4/WCRylC1DQrI/AAAAAAAANnk/kTX9v5v32XMHuJ70c8Ms_e3cZo5T18gywCLcB/s1600/default-thumbnail.png' width='556'/>
				</div>
			</b:if>
		</div>
	</div>
</b:if>

<b:if cond='data:blog.pageType == &quot;item&quot;'>
<div class='adspost1'>
<!-- iklan bawah judul artikel simpan disini -->

  </div>
</b:if>

    <div class='post-body entry-content' expr:id='&quot;post-body-&quot; + data:post.id'>


<b:if cond='data:blog.pageType == &quot;static_page&quot;'>
<div class='artbody' itemprop='description articleBody'><data:post.body/></div>
</b:if>

<b:if cond='data:blog.pageType != &quot;item&quot;'>
<b:if cond='data:blog.pageType != &quot;static_page&quot;'>
<div class='post-snippet' itemprop='articleBody'><data:post.snippet/></div>
</b:if></b:if>
<b:if cond='data:blog.pageType == &quot;item&quot;'>
<div id='jobmiddlenew'><div class='artbody' itemprop='description articleBody'><data:post.body/></div></div>
<div id='addcodemiddle'>
  <div class='middle-ads'><h4>Advertiser</h4>
<!-- iklan di tengah postingan -->

  </div>
</div> 
</b:if>
  <span itemprop='publisher' itemscope='itemscope' itemtype='https://schema.org/Organization'>
    <span itemprop='logo' itemscope='itemscope' itemtype='https://schema.org/ImageObject'>
      <meta content='https://4.bp.blogspot.com/-TdAO9ITF4Eg/VbrrOOo0Y1I/AAAAAAAAFNg/EyxPHy80y7c/s1600/logo2png.png' itemprop='url'/>
      <meta content='125' itemprop='width'/>
      <meta content='125' itemprop='height'/>
    </span>
    <meta expr:content='data:blog.title' itemprop='name'/>
  </span>

      <div class='clear'/> <!-- clear for photos floats -->
    </div>

    <b:if cond='data:post.hasJumpLink'>
      <div class='jump-link'>
        <a expr:href='data:post.url + &quot;#more&quot;' expr:title='data:post.title'><data:post.jumpText/></a>
      </div>
    </b:if>
	
    <div class='post-footer'>
<b:if cond='data:blog.pageType == &quot;item&quot;'>
<div class='post-footer-line post-footer-line-1'>
<div class='adspost2'>
<!-- iklan bawah artikel simpan disini -->

</div>
<div class='clear'/>

<div class='share-this' id='share-this'>
	<b:include data='post' name='share-tool'/>
</div>
<div class='clear'/>
<div class='related-wrapper' id='related-wrapper'>
<amp-iframe frameborder='0' height='420' layout='fixed-height' sandbox='allow-scripts allow-same-origin allow-modals allow-popups' scrolling='no' src='https://rawgit.com/bungfrangki/AMP/fa58af25cbbe38472d8012d7aa98316ac7557fe4/related-6numpost-withthumb-amp.html?url=https://nonameamp.blogspot.co.id/'>
</amp-iframe>
</div>
<div class='disqus-comments' id='disqus_comments'>
<amp-iframe expr:src='&quot;https://cdn.rawgit.com/bungfrangki/themeindie_html/master/disqus_amp2.html?shortname=droidbuzz-1&amp;fontBodyFamily=sans-serif&amp;fontLinkColor=e8554e&amp;canonicalurl=&quot; + data:blog.canonicalUrl + &quot;&amp;url=&quot; + data:blog.url + &quot;&amp;homepageurl=&quot; + data:blog.homepageUrl + &quot;&amp;canonicalhomepageurl=&quot; + data:blog.canonicalHomepageUrl' frameborder='0' height='333' layout='responsive' resizable='resizable' sandbox='allow-forms allow-scripts allow-same-origin allow-modals allow-popups' width='600'>
<div aria-label='Disqus Comments' overflow='' role='button' tabindex='0'/>
</amp-iframe>

</div>
</div>
</b:if>

      <div class='post-footer-line post-footer-line-2'/>

      <div class='post-footer-line post-footer-line-3'/>
    </div>
  </article>
</b:includable>
    <b:includable id='postQuickEdit' var='post'>
  <b:if cond='data:post.editUrl'>
    <span expr:class='&quot;item-control &quot; + data:post.adminClass'>
      <a expr:href='data:post.editUrl' expr:title='data:top.editPostMsg'>
        <amp-img alt='' class='icon-action' height='18' src='https://img2.blogblog.com/img/icon18_edit_allbkg.gif' width='18'/>
      </a>
    </span>
  </b:if>
</b:includable>
    <b:includable id='share-tool' var='post'>
<div>
	<amp-social-share height='28' type='twitter' width='28'/>
	<amp-social-share height='28' type='gplus' width='28'/>
	<amp-social-share data-param-app_id='145634995501895' height='28' type='facebook' width='28'/>
	<amp-social-share height='28' type='pinterest' width='28'/>
	<amp-social-share height='28' type='linkedin' width='28'/>
<b:if cond='data:blog.pageType == &quot;item&quot; and data:blog.isMobileRequest == &quot;true&quot;'>
<amp-social-share expr:data-share-endpoint='&quot;tg://msg?text=&quot; + data:post.title + &quot; - &quot; + data:blog.url' layout='container' type='telegram'>
    <amp-img alt='Telegram' height='28' layout='fixed' src='https://1.bp.blogspot.com/-LDF6TD0uVQo/WEthSG0TWWI/AAAAAAAAILw/2h_iQKVv4cgQIltzE-raaU7wV6DvtuFcQCK4B/s1600/telegram.png' width='28'/>
</amp-social-share>
</b:if>
</div>
<div class='clear'/>
</b:includable>
    <b:includable id='shareButtons' var='post'>
  <b:if cond='data:top.showEmailButton'><a class='goog-inline-block share-button sb-email' expr:href='data:post.sharePostUrl + &quot;&amp;target=email&quot;' expr:title='data:top.emailThisMsg' target='_blank'><span class='share-button-link-text'><data:top.emailThisMsg/></span></a></b:if><b:if cond='data:top.showBlogThisButton'><a class='goog-inline-block share-button sb-blog' expr:href='data:post.sharePostUrl + &quot;&amp;target=blog&quot;' expr:onclick='&quot;window.open(this.href, \&quot;_blank\&quot;, \&quot;height=270,width=475\&quot;); return false;&quot;' expr:title='data:top.blogThisMsg' target='_blank'><span class='share-button-link-text'><data:top.blogThisMsg/></span></a></b:if><b:if cond='data:top.showTwitterButton'><a class='goog-inline-block share-button sb-twitter' expr:href='data:post.sharePostUrl + &quot;&amp;target=twitter&quot;' expr:title='data:top.shareToTwitterMsg' target='_blank'><span class='share-button-link-text'><data:top.shareToTwitterMsg/></span></a></b:if><b:if cond='data:top.showFacebookButton'><a class='goog-inline-block share-button sb-facebook' expr:href='data:post.sharePostUrl + &quot;&amp;target=facebook&quot;' expr:onclick='&quot;window.open(this.href, \&quot;_blank\&quot;, \&quot;height=430,width=640\&quot;); return false;&quot;' expr:title='data:top.shareToFacebookMsg' target='_blank'><span class='share-button-link-text'><data:top.shareToFacebookMsg/></span></a></b:if><b:if cond='data:top.showPinterestButton'><a class='goog-inline-block share-button sb-pinterest' expr:href='data:post.sharePostUrl + &quot;&amp;target=pinterest&quot;' expr:title='data:top.shareToPinterestMsg' target='_blank'><span class='share-button-link-text'><data:top.shareToPinterestMsg/></span></a></b:if><b:if cond='data:top.showPlusOne'><div class='goog-inline-block google-plus-share-container'><data:post.googlePlusShareTag/></div></b:if>
</b:includable>
    <b:includable id='status-message'>
  <b:if cond='data:navMessage'>
  <div class='status-msg-wrap'>
    <div class='status-msg-body'>
      <data:navMessage/>
    </div>
    <div class='status-msg-border'>
      <div class='status-msg-bg'>
        <div class='status-msg-hidden'><data:navMessage/></div>
      </div>
    </div>
  </div>
  <div class='clear'/>
  </b:if>
</b:includable>
    <b:includable id='threaded-comment-form' var='post'/>
    <b:includable id='threaded_comment_js' var='post'/>
    <b:includable id='threaded_comments' var='post'/>
  </b:widget>
</b:section>
      </div>
      </div>
      <aside itemprop='mainEntity' itemscope='itemscope' itemtype='https://schema.org/WPSideBar'>
      <div id='sidebar-wrapper'>
        <b:section class='sidebar1' id='sidebar1' preferred='yes'/>
        <b:section class='sidebar2' id='sidebar2' preferred='yes'>
          <b:widget id='FeaturedPost1' locked='false' title='Entri yang Diunggulkan' type='FeaturedPost' version='1'>
            <b:widget-settings>
              <b:widget-setting name='showSnippet'>true</b:widget-setting>
              <b:widget-setting name='showPostTitle'>true</b:widget-setting>
              <b:widget-setting name='postId'>8572049131758899506</b:widget-setting>
              <b:widget-setting name='showFirstImage'>true</b:widget-setting>
              <b:widget-setting name='useMostRecentPost'>false</b:widget-setting>
            </b:widget-settings>
            <b:includable id='main'>
  <!-- Only display title if it's non-empty -->
  <b:if cond='data:title != &quot;&quot;'>
    <h2 class='title'><data:title/></h2>
  </b:if>
  <b:include name='content'/>
</b:includable>
            <b:includable id='content'>
  <div class='post-summary'>
    <b:if cond='data:showPostTitle and data:postTitle != &quot;&quot;'>
      <h3><a expr:href='data:postUrl'><data:postTitle/></a></h3>
    </b:if>
    <b:if cond='data:showSnippet and data:postSummary != &quot;&quot;'>
      <p>
        <data:postSummary/>
      </p>
    </b:if>
    <b:if cond='data:showFirstImage and data:postFirstImage != &quot;&quot;'>
      <amp-img expr:src='data:postFirstImage' height='190' layout='responsive' width='300'/>
    </b:if>
  </div>
</b:includable>
          </b:widget>
          <b:widget id='PopularPosts1' locked='false' title='Entri Populer' type='PopularPosts' version='1'>
            <b:widget-settings>
              <b:widget-setting name='numItemsToShow'>10</b:widget-setting>
              <b:widget-setting name='showThumbnails'>true</b:widget-setting>
              <b:widget-setting name='showSnippets'>true</b:widget-setting>
              <b:widget-setting name='timeRange'>ALL_TIME</b:widget-setting>
            </b:widget-settings>
            <b:includable id='main'>
  <b:if cond='data:title != &quot;&quot;'><h2><data:title/></h2></b:if>
  <div class='widget-content popular-posts'>
    <ul>
      <b:loop values='data:posts' var='post'>
      <li>
        <b:if cond='!data:showThumbnails'>
          <b:if cond='!data:showSnippets'>
            <!-- (1) No snippet/thumbnail -->
            <a expr:href='data:post.href'><data:post.title/></a>
          <b:else/>
            <!-- (2) Show only snippets -->
            <div class='item-title'><a expr:href='data:post.href'><data:post.title/></a></div>
            <div class='item-snippet'><data:post.snippet/></div>
          </b:if>
        <b:else/>
          <!-- (3) Show only thumbnails or (4) Snippets and thumbnails. -->
          <div expr:class='data:showSnippets ? &quot;item-content&quot; : &quot;item-thumbnail-only&quot;'>
            <b:if cond='data:post.featuredImage.isResizable or data:post.thumbnail'>
              <div class='item-thumbnail'>
                <a expr:href='data:post.href' target='_blank'>
                  <b:with value='data:post.featuredImage.isResizable? resizeImage(data:post.featuredImage, 160) : data:post.thumbnail' var='image'>
                    <amp-img expr:alt='data:post.title' expr:src='data:image' expr:title='data:post.title' height='100' width='160'/>
                  </b:with>
                </a>
              </div>
              <b:else/>
              <div class='item-thumbnail'>
                <a expr:href='data:post.href' target='_blank'>
              <amp-img expr:alt='data:post.title' expr:title='data:post.title' height='100' src='https://4.bp.blogspot.com/-i_6lnKy8NU4/WCRylC1DQrI/AAAAAAAANnk/kTX9v5v32XMHuJ70c8Ms_e3cZo5T18gywCLcB/s1600/default-thumbnail.png' width='160'/>
                </a>
              </div>
            </b:if>
            <div class='item-title'><a expr:href='data:post.href'><data:post.title/></a></div>
            <b:if cond='data:showSnippets'>
              <div class='item-snippet'><data:post.snippet/></div>
            </b:if>
          </div>
          <div class='clear'/>
        </b:if>
      </li>
      </b:loop>
    </ul>
  </div>
</b:includable>
          </b:widget>
          <b:widget id='Label1' locked='false' title='Label' type='Label' version='1'>
            <b:widget-settings>
              <b:widget-setting name='sorting'>ALPHA</b:widget-setting>
              <b:widget-setting name='display'>CLOUD</b:widget-setting>
              <b:widget-setting name='selectedLabelsList'/>
              <b:widget-setting name='showType'>ALL</b:widget-setting>
              <b:widget-setting name='showFreqNumbers'>true</b:widget-setting>
            </b:widget-settings>
            <b:includable id='main'>
  <b:if cond='data:title != &quot;&quot;'>
    <h2><data:title/></h2>
  </b:if>
  <div expr:class='&quot;widget-content &quot; + data:display + &quot;-label-widget-content&quot;'>
    <b:if cond='data:display == &quot;list&quot;'>
      <ul>
        <b:loop values='data:labels' var='label'>
          <li>
            <b:if cond='data:blog.url == data:label.url'>
              <span expr:dir='data:blog.languageDirection'><data:label.name/></span>
            <b:else/>
              <a expr:dir='data:blog.languageDirection' expr:href='data:label.url'><data:label.name/></a>
            </b:if>
            <b:if cond='data:showFreqNumbers'>
              <span dir='ltr'>(<data:label.count/>)</span>
            </b:if>
          </li>
        </b:loop>
      </ul>
    <b:else/>
      <b:loop values='data:labels' var='label'>
        <span expr:class='&quot;label-size label-size-&quot; + data:label.cssSize'>
          <b:if cond='data:blog.url == data:label.url'>
            <span expr:dir='data:blog.languageDirection'><data:label.name/></span>
          <b:else/>
            <a expr:dir='data:blog.languageDirection' expr:href='data:label.url'><data:label.name/></a>
          </b:if>
          <b:if cond='data:showFreqNumbers'>
            <span class='label-count' dir='ltr'>(<data:label.count/>)</span>
          </b:if>
        </span>
      </b:loop>
    </b:if>
  </div>
</b:includable>
          </b:widget>
        </b:section>
		<b:section class='sidebar3' id='sidebar3' showaddelement='yes'/>
    </div>
      </aside>
      <!-- spacer for skins that want sidebar and main to be the same height-->
      <div class='clear'>&#160;</div>
    </div> <!-- end content-wrapper -->

<div class='clear'/>
</div> 
<div class='menu' itemprop='mainEntity' itemscope='itemscope' itemtype='https://schema.org/SiteNavigationElement'><ul>
<li><a href='#' itemprop='url' title='About'><span itemprop='name'>About</span></a></li>
<li><a href='#' itemprop='url' title='Contact'><span itemprop='name'>Contact</span></a></li>
<li><a href='#' itemprop='url' title='Parse Code'><span itemprop='name'>Parse Code</span></a></li>
<li><a href='#' itemprop='url' title='Privacy Policy'><span itemprop='name'>Privacy Policy</span></a></li>
<li><a href='/p/lorem-ipsum-dolor-sit-amet-consectetur.html' itemprop='url' title='Static page'><span itemprop='name'>Static Page</span></a></li>
  </ul></div>
  <footer itemprop='mainEntity' itemscope='itemscope' itemtype='https://schema.org/WPFooter'>
  <div id='footer-wrapper'>
<div class='credit-wrapper'>Copyright &#169; <span itemprop='copyrightYear'>2016</span> <span itemprop='copyrightHolder' itemscope='itemscope' itemtype='https://schema.org/Organization'><a expr:href='data:blog.homepageUrl' expr:title='data:blog.title' itemprop='url'><span itemprop='name'><data:blog.title/></span></a></span> - All Right Reserved</div>
    </div>
</footer>
</div>
</b:if>
<b:if cond='data:blog.pageType == &quot;error_page&quot;'>
<div id='pesanerror'>
<div id='animeerror'>
<i class='material-icons'>&#59409;</i>
<h3>Sorry, page not found!</h3>
</div>
<a class='homelink' href='/' title='Vletters'>Back to Homepage</a>
</div>
  </b:if>
&lt;!--</body>--&gt;&lt;/body&gt;
</HTML>