{
    "hours": {
        "d": {
            "1": {
                "start": "08:00",
                "end": "08:45"
            },
            "2": {
                "start": "08:50",
                "end": "09:35"
            },
            "3": {
                "start": "09:40",
                "end": "10:25"
            },
            "4": {
                "start": "10:30",
                "end": "11:15"
            },
            "5": {
                "start": "11:30",
                "end": "12:15"
            },
            "6": {
                "start": "12:20",
                "end": "13:05"
            },
            "7": {
                "start": "13:10",
                "end": "13:55"
            },
            "8": {
                "start": "14:00",
                "end": "14:45"
            },
            "9": {
                "start": "14:50",
                "end": "15:35"
            },
            "10": {
                "start": "15:40",
                "end": "16:25"
            },
            "11": {
                "start": "16:30",
                "end": "17:15"
            },
            "12": {
                "start": "17:20",
                "end": "18:05"
            },
            "13": {
                "start": "18:10",
                "end": "18:55"
            }
        },
        "i": {
            "1": {
                "start": "08:00",
                "end": "08:45"
            },
            "2": {
                "start": "08:50",
                "end": "09:35"
            },
            "3": {
                "start": "09:40",
                "end": "10:25"
            },
            "4": {
                "start": "10:40",
                "end": "11:25"
            },
            "5": {
                "start": "11:30",
                "end": "12:15"
            },
            "6": {
                "start": "12:20",
                "end": "13:05"
            },
            "7": {
                "start": "13:10",
                "end": "13:55"
            },
            "8": {
                "start": "14:00",
                "end": "14:45"
            },
            "9": {
                "start": "14:50",
                "end": "15:35"
            },
            "10": {
                "start": "15:40",
                "end": "16:25"
            },
            "11": {
                "start": "16:30",
                "end": "17:15"
            },
            "12": {
                "start": "17:20",
                "end": "18:05"
            },
            "13": {
                "start": "18:10",
                "end": "18:55"
            }
        }
    }
}